Index,Sentence
0,ಗೋಧಿ ಸೂಕ್ಷ್ಮಾಣು ತೈಲ ಅಥವಾ ಸಾರ (ಅಡ್ಡ ಕಲುಷಿತವಾಗಿರುತ್ತದೆ)
1,"ವಾಮಾಚಾರ ಏನು, ಮತ್ತು ಅದರ ಸಾರ ಏನು?"
2,"ಗಳವರೆಗೆ ಯೋಜನೆ ನಿಯಮಾನು ಸಾರ ಸಾಲ, ಸೌಲಭ್ಯ ಪಡೆಯಲು ಅವಕಾಶವಿರುತ್ತದೆ."
3,"ವಿಶಿಷ್ಟವಾಗಿ, ಪಿಟಾ ಬ್ರೆಡ್ ರೋಲ್ ಒಂದು ಭರ್ತಿ ಮಾತ್ರ ಸಾರ ಮತ್ತು ಪೌಷ್ಟಿಕ ಪದಾರ್ಥಗಳನ್ನು ಸೇರಿವೆ."
4,ರಿಂದ 3 ಹನಿಗಳನ್ನು ಕಿತ್ತಳೆ ಸಾರ
5,"ಆದರೆ ಅದರ ಸಾರ ವಾಸ್ತವ ಜಾವಾ ಯಂತ್ರ ಆಜ್ಞೆಗಳನ್ನು ಇದರ ಡೆವಲಪರ್, ಯಾವುದೇ ಕಂಪ್ಯೂಟರ್ ವ್ಯವಸ್ಥೆ ಗುರುತಿಸಿ ವಿಶೇಷ ಬೈಟ್ ನಿಯಮಾವಳಿಗಳಲ್ಲಿ ಕಾರ್ಯಗತಗೊಳ್ಳುವ ಅನ್ವಯಗಳನ್ನು ಪ್ರಸರಿಸಲು ಸಾಧ್ಯವಾಗುತ್ತದೆ ಎಂದು."
6,"ಈಗ ವಿವಿಧ ಮಾಧ್ಯಮಗಳಲ್ಲಿ, ಸಾಮಾಜಿಕ ಜಾಲ ತಾಣಗಳಲ್ಲಿ ಪತ್ರಕರ್ತರು, ಅಭಿಮಾನಿಗಳು, ಸಿನಿರಸಿಕರು ತಿಳಿಸಿರುವ ಅಭಿಪ್ರಾಯದ ಸಾರ ಸಂಗ್ರಹ ಇಲ್ಲಿದೆ ತಪ್ಪದೇ ಓದಿ."
7,"ಇದರ ಒಟ್ಟಾರೆ ಅರ್ಥವು, ಆತ್ಮವು ಪರಮಾತ್ಮದೊಂದಿಗೆ ಒಂದುಗೂಡುವ (ಜೀವಿಯು ಪರಬ್ರಹ್ಮದೊಂದಿಗೆ ಸೇರುವ) ಪ್ರಕ್ರಿಯೆಯನ್ನು ಉಂಟುಮಾಡುವ ಹಂಸ ಮಂತ್ರದ ಸಾರ ರೂಪದಲ್ಲಿ ದೇವಿಯು ಇದ್ದಾಳೆನ್ನುವುದೇ ಆಗಿದೆ."
8,"ಹೀಗಾಗಿ, ಹತ್ತಿರದ ಮೊದಲ ವಿಧಾನ ನೋಟ, ಅದರ ಸಾರ ಮತ್ತಷ್ಟು ಸ್ಥಳ ಅಂದಾಜು ಸಂಬಂಧಿ ಸನಿಹದಲ್ಲಿರುವ ಅಂಕಗಳನ್ನು ಪ್ರಭಾವ ಇರುತ್ತದೆ."
9,"ಪ್ರತ್ಯೇಕ ಬಟ್ಟಲಿನಲ್ಲಿ, ವೆನಿಲ್ಲಾ ಸಾರ ಕೆನೆ ವಿಪ್."
10,ನಮ್ಮ ಭಾರತೀಯ ಸಂಸ್ಕೃತಿಯ ಸಾರ ವಸುದೈವ ಕುಟುಂಬಕಂ ಆಗಿದೆ.
11,ಮತ್ತು ತಯಾರಿಸಲು ಈ ಜೊತೆಗೆ ಹೊಂದಿದೆ ಎಕಿನೇಶಿಯ ಸಾರ ಹಾಗೂ ರೋಗನಿರೋಧಕ ಉದ್ದೀಪನ ಸೈಬೀರಿಯನ್ ಇನ್ನಿತರ.
12,"ಇದು ಔಷಧಿ ಉತ್ಪನ್ನಗಳ ಮತ್ತು ಶಿಯಾ ಬಟರ್, ಅದೇ ಪ್ರಮಾಣದ 50 ಮಿಲಿ ತಯಾರು ಮಾಡಬೇಕು ಗೋಧಿ ಮೊಳಕೆಯ - ಚಮಚ ಈಥರ್ ಸಾರ ಸುಗಂಧ ದ್ರವ್ಯ, ಜೆರೇನಿಯಂ ಮತ್ತು ಮರದ ಗುಲಾಬಿ - 8 ಹನಿಗಳನ್ನು."
13,"ಇದರ ಸಾರ ವಾಸ್ತವವಾಗಿ ಇರುತ್ತದೆ ಮೊದಲ ಹಂತದ ದ್ರವ sonicated, ಮತ್ತು ನಂತರ ಯಾಂತ್ರಿಕ ಕಾರ್ಟ್ರಿಡ್ಜ್ ಸ್ಫಟಿಕ ಮರಳಿನ ಇರುವ ವಿದ್ಯುತ್ ಘಟಕದ ಮೂಲಕ ಹಾದುಹೋಗುತ್ತದೆ."
14,ಸಾರ ಭಕ್ಷ್ಯಗಳಿಗೆ ಮಹತ್ವದ ಜೊತೆಗೆ ವಿವಿಧ ಬಣ್ಣಗಳ ಸಣ್ಣ ಮೆಣಸು ಇರುತ್ತದೆ.
15,ನೋಡದವನ ಸಾರ ಕನಸು ಆಸೆ ನೂರು
16,ನಾಟಕದ ಸಾರ ಇದು: ಮಳೆ ದೇವರು ಏಡಿಗಳಿಗೆ ಬೀಜವೊಂದನ್ನು ವರವಾಗಿ ನೀಡಿದೆ.
17,ಇದರ ಸಾರ ಹಣ ಎಸೆದು ಮೂರು ಫಿಡ್ಲರ್ ಸಡಿಲಿಸಲು ಆಗಿತ್ತು.
18,ಇದರ ಸಾರ ಕೆಲವು ಚಳುವಳಿಗಳು ಸ್ವಯಂಚಾಲಿತ ಆಯೋಜಕರು ಎಂದು ವಾಸ್ತವವಾಗಿ ಇರುತ್ತದೆ.
19,"ಈ ಸಸ್ಯದ ಸಾರ ತೈಲದ ನರಮಂಡಲ, ಒತ್ತಡದ ಸಂದರ್ಭಗಳಲ್ಲಿ ಪ್ರತಿ ತಿರುವಿನಲ್ಲಿ ಅಡಗಿಕೊಂಡಿರು ಮಾಡಿದಾಗ ಹಾರ್ಡ್ ಕೆಲಸ ವಾರ ಕಾಲ, ಅತ್ಯಗತ್ಯವಾಗಿರುತ್ತವೆ ಶಾಂತಗೊಳಿಸುವ ಅನುಮತಿಸುತ್ತದೆ."
20,ಅದರ ಸಾರ ನೀವು ಕುಳಿತು ನಿವ್ವಳ ತೆರೆನೊರೆಗೊಳಿಸುವುದಕ್ಕೆ ಅಗತ್ಯವಿದೆ ಎಂದು.
21,ರೆಸಿಪಿ: ನೀರಿನ 100 ಮಿಲಿಲೀಟರ್ಗಳ ಪ್ರತಿ 3 ಟೇಬಲ್ಸ್ಪೂನ್ ವೆನಿಲ್ಲಾ ಸಾರ ಆಲ್ಕೋಹಾಲ್ 1 ಸ್ಪೂನ್ ಫುಲ್.
22,ಬಸಿಯೆ ರಕುತದ ಸಾರ ಸಾಲಿಡೆ ಬಲದೊಳೊಳಹೊಕ್ಕ ೬೩
23,"ಪ್ರಿನ್ಸ್ Myshkin - ತನ್ನ ಕಾದಂಬರಿಯಲ್ಲಿ ಈಡಿಯಟ್, ಲೇಖಕ ಸೌಂದರ್ಯ ತನ್ನ ಆಲೋಚನೆಗಳು ಮತ್ತು ಪ್ರತಿಬಿ ಮತ್ತು ತನ್ನ ನಾಯಕ ಅದರ ಸಾರ ನೀಡುತ್ತದೆ."
24,"ಸರಳವಾಗಿ ವೆನಿಲ್ಲಾ ಕುಕೀಗಳನ್ನು ಗೆ ಸಾರ ಮತ್ತು ಚಾಕೊಲೇಟ್ ಚಿಪ್ಗಳ ಸಿಹಿಯಾಗಿದ್ದು ತಿರುಗಿ ಸೇರಿಸಬಹುದು, ಮತ್ತು ನೀವು ಗುರಿಯನ್ನು ಸಾಧಿಸಲು ಮಾಡುತ್ತದೆ!"
25,"ಇದರ ಸಾರ ಪಾರ್ಕಿಂಗ್ ಸ್ಥಳಾವಕಾಶಗಳನ್ನು ಏರ್ಪಡಿಸಲಾಗುತ್ತದೆ ಮತ್ತು ಆದೇಶ, ಪಾರ್ಕಿಂಗ್ ಪಾವತಿಯ ಒಂದು ಸಮರ್ಥ ವ್ಯವಸ್ಥೆಯನ್ನು ಅಭಿವೃದ್ಧಿಪಡಿಸಿದರು ಎಂದು ವಾಸ್ತವವಾಗಿ ಇರುತ್ತದೆ."
26,ಇದರ ಮೊದಲ ಸೂತ್ರವೇ ಜೈನಪಥದ ಸಾರ ಸಂಗ್ರಹವಾಗಿದೆ.
27,"ಬೇಡ ಸಾರ ವೋಟು ಎಷ್ಟು ಬೀಳುತ್ತವೆಂದು ಗೊತ್ತು, ಮನೇಲೇ ನನ್ನಾಕೆ ವೋಟು ಹಾಕಲು ಹಿಂದೆ ಮುಂದೆ ನೋಡುತ್ತಿರಬೇಕಾದ್ರೆ, ಸುಮ್ನೇ ಠೇವಣಿ ನಷ್ಟ!"
28,"ಗ್ರಾಂ ಹಿಟ್ಟು 5 ಮೊಟ್ಟೆ, ಒಂದು ಗಾಜಿನ ಹಾಲು, 10 ಗ್ರಾಂ ಉಪ್ಪು, 25 ಗ್ರಾಂ ಯೀಸ್ಟ್ (ತಾಜಾ), 140 ಗ್ರಾಂ ಸಕ್ಕರೆ, 120 ಗ್ರಾಂ ಬೆಣ್ಣೆ ಮತ್ತು ಸಕ್ಕರೆ ಸಕ್ಕರೆ ಹಣ್ಣುಗಳು, 90 ಗ್ರಾಂ ಪೈನ್ ಬೀಜಗಳು, ಒಣದ್ರಾಕ್ಷಿಗಳ 180 ಗ್ರಾಂ, ವೆನಿಲಾ ಸಾರ ಒಂದು ಟೀಚಮಚ, ಪುಡಿ ಮತ್ತು ನಿಂಬೆ ಸಿಪ್ಪೆಯ ಒಂದೆರಡು ಟೀಚಮಚಗಳು."
29,"ಎರಡು ಕಳಿತ ಬಾಳೆಹಣ್ಣುಗಳು, ಹಿಟ್ಟು ಎರಡು ಬಟ್ಟಲು, ಕಪ್ ಸಕ್ಕರೆ, ಎರಡು ಮೊಟ್ಟೆಗಳನ್ನು, ಉಪ್ಪು ಕಾಲು, ವೆನಿಲ್ಲಾ ಸಾರ ಒಂದು ಟೀಚಮಚ ಕರಗಿಸಿದ ಬೆಣ್ಣೆ 100 ಗ್ರಾಂ ಮತ್ತು ಹಿಟ್ಟು ತಯಾರಿಸಿ."
30,"ನೀವು Durian ತಿರುಳು ಮತ್ತು ಕುಂಬಳಕಾಯಿ ಒಗ್ಗೂಡಿ ಮಾಡಿದಾಗ, ನೀವು ಥಿಯಾಸ್ ಒಂದು ಮಸಾಲೆ ಬಳಸುವ ಸಾರ ಪಾಸ್ಟಾ ಪಡೆಯಿರಿ."
31,ನಾನಾರು ಅವನಾರು ಜಗವೆಂದರೇನು ಪ್ರಶ್ನತ್ರಯಗಳು ನರರ ಕಾಡದಿಹವೇನು | ಹಿಂದಿದ್ದು ಈಗಿರುವ ಎಂದೆಂದು ಇಹವೀ ಒಗಟಿಗುತ್ತರವ ತಿಳಿದಿಹೆಯ ಮೂಢ || ಬೈಬಲ್ಲು ಹೇಳುವುದು ಜಗ ಜೀವ ದೇವ ಕುರಾನು ಸಾರುವುದು ಜಗ ಜೀವ ದೇವ | ಸಕಲ ಮತಗಳ ಸಾರ ಜಗ ಜೀವ ದೇವ…
32,"ಕೊಪ್ಪ: ತಾಲ್ಲೂಕಿನ ಹಿರೇಕೊಡಿಗೆ ಗ್ರಾಮದ ಶೆಟ್ಟಿಹಡ್ಲು ಮತ್ತು ಅಬ್ಬಿಗುಂಡಿ ಭಾಗಕ್ಕೆ ಸಂಪರ್ಕ ಕಲ್ಪಿಸುವ ಕಾಲುಸಂಕದ ಎರಡೂ ಕಡೆ ಹಳ್ಳದ ದಂಡೆ ಕೊಚ್ಚಿ ಹೋಗಿದ್ದು, ಹಳ್ಳದ ಮಧ್ಯೆ ದ್ವೀಪದಂತಿರುವ ಸೇತುವೆಯನ್ನು ತಲುಪಲು ಸಾರ (ಸಾರವೆ) ಬಳಸಬೇಕಾದ ವಿಲಕ್ಷಣ ಪರಿಸ್ಥಿತಿ ತಲೆದೋರಿದೆ."
33,"ಸಾರ ಹತ್ತೊಂಬತ್ತನೇ ಶತಮಾನದ ತೊಂಬತ್ತರ ಹದಿಮೂರನೇ ರಿಂದ ತ್ಸಾರ್ ದೊರೆಗಳ ರಶಿಯಾ ರಲ್ಲಿ ಮೇಲುಗೈ ವಾಸ್ತು ಶೈಲಿಯಲ್ಲಿ, ಗಾರೆ ಸಮೃದ್ಧವಾಗಿದೆ."
34,ಆದ್ದರಿಂದ ನಮಗೆ ಈ ಸಾರ ಬೇಕು?
35,ಮಂಡ್ಯ ವಿದ್ಯಾರ್ಥಿನಿ ಸಾರ ನೆರವಿಗೆ ಪ್ರಧಾನ ಮಂತ್ರಿ | PM Modis letter ensures education loan to Muslim girl in Karnataka - Kannada Careerindia
36,ಸಾರ ಸದ್ಗುರುವಚನಧರ್ಮ ವಿ
37,"ನಾಗಣ್ಣಗೌಡ, ಮಂಡ್ಯ ಮೆಡಿಕಲ್ ಕಾಲೇಜು ಹಾಗೂ ಆಸ್ಪತ್ರೆಯಲ್ಲಿ ನಾನ್ ಕ್ಲಿನಿಕಲ್ ಹಾಗೂ ಭದ್ರತಾ ವಿಭಾಗದಲ್ಲಿ ಹೊರಗುತ್ತಿಗೆ ಆಧಾರದಲ್ಲಿ ಕರ್ತವ್ಯ ನಿರ್ವಹಿಸುತ್ತಿರುವ ಹೊರಗುತ್ತಿಗೆ ಕಾರ್ಮಿಕರಿಗೆ ನಿಯಮಾನು ಸಾರ ರಜೆ ನೀಡದೆ ಅನಗತ್ಯವಾಗಿ ಕೆಲಸದಿಂದ ತೆಗೆದು ಹಾಕುವ ಬೆದರಿಕೆ ಒಡ್ಡುತ್ತಿರುವ ಏಜೆನ್ಸಿಗಳ ವಿರುದ್ಧ ಸೂಕ್ತ ಕ್ರಮಕೈಗೊಳ್ಳುವಂತೆ ಆಗ್ರಹಿಸಿದರು."
38,"ಇದರ ಸಾರ ಸಂಗತಿಯೆಂದರೆ: ದೇವನಾಮ್‌ಪ್ರಿಯರು ರಾಜನಿಗೆ (ಆಯಪುತ), ಅಧಿಕಾರಿಗಳಿಗೆ (ಮಹಾಮಾತ್ರರು) ಸುವರ್ಣಗಿರಿ ಮುಖ್ಯ ಕೇಂದ್ರದಿಂದ ಹೇಳಿದ ವಿಚಾರಗಳಿವೆ."
39,ಸಾರು ಅಣಬೆ ಸಾರ ಮತ್ತು ಇತರ ಪದಾರ್ಥಗಳು ಗೆ ಪ್ಯಾನ್ ಇರಿಸಿ.
40,ನನಗಿಂದಾಯಿತು ಬನದ ಉಪದೇಶ ಸಾರ
41,ಯೋಗಾಭ್ಯಾಸದ ನಿಜವಾದ ಸಾರ ಉತ್ತಮ ಆರೋಗ್ಯವನ್ನು ಪಡೆಯಲು ನೆರವಾಗುತ್ತದೆ.
42,ಯಾರೂ ಕಲಿಯಲ್ಲ ಸಾರ ಈಗ
43,"ಅವರು ಮೇಲ್ಮುಖವಾಗಿ ಬಾಗುತ್ತದೆ ಮಾಡಬಹುದು, ಮತ್ತು ಇಡೀ ಕೇಶವಿನ್ಯಾಸ ಅದರ ಸಾರ ಬದಲಾಯಿಸಬಹುದು."
44,"ಆದ್ದರಿಂದ, ಒಂದು ಮಾನವೀಯ - ಇದು ಸ್ಪಷ್ಟವಾಗುತ್ತದೆ, ಆದರೆ ಈ ಚಟುವಟಿಕೆ ಸಾರ ತಿಳಿಯಲು ಸಹಾಯವಾಗುವಂಥ ಕೆಲವು ಉದಾಹರಣೆಗಳು naglyanyh, ನೀಡಲು ಅಗತ್ಯ."
45,ಇದರ ಸಾರ ಸಂಪೂರ್ಣವಾಗಿ ಭಿನ್ನವಾಗಿದೆ.
46,"ಇದರ ಸಾರ ವಾಸ್ತವವಾಗಿ ಟ್ಯಾಬ್ಲೆಟ್ ಪಿಸಿ, ಹಿಂದೆ ಹೇಳಿದಂತೆ, ಆರಂಭದಲ್ಲಿ ಸಿದ್ಧಪಡಿಸಿತು ಜಾಲಬಂಧ ನಿರ್ದಿಷ್ಟ ಪಾಸ್ವರ್ಡ್ ಪ್ರವೇಶವನ್ನು ಒದಗಿಸುತ್ತದೆ ಎಂದು ವಾಸ್ತವವಾಗಿ ಇರುತ್ತದೆ."
47,» ಮಂಡ್ಯ ವಿದ್ಯಾರ್ಥಿನಿ ಸಾರ ನೆರವಿಗೆ ಪ್ರಧಾನ ಮಂತ್ರಿ
48,ಅರಸುಗಳಿಗಿದು ವೀರ ದ್ವಿಜರಿಗೆ ಪರಮವೇದದ ಸಾರ ಯೋಗೀಶ್ವರರ ತತ್ವ ವಿಚಾರ ಮಂತ್ರೀಜನಕೆ ಬುದ್ಧಿಗುಣ ವಿರಹಿಗಳ ಶೃಂಗಾರ ವಿದ್ಯಾಪರಿಣತರಲಂಕಾರ ಕಾವ್ಯಕೆ ಗುರುವೆನಲು ರಚಿಸಿದ ಕುಮಾರವ್ಯಾಸ ಭಾರತವ
49,ಇಲ್ಲಿ ನಾವು ಬಳಸಲು ರಷ್ಟನ್ನು ಗಿಡಮೂಲಿಕೆಗಳ ಸಾರ ಸಂಯೋಜನೆ ಹೊಂದಿರುತ್ತದೆ.
50,ಸರ್ವದರ್ಶನ ಸಾರ ಸಂಗ್ರಹ ಮಾಡುವುದೇ ನನ್ನ ಜೀವಿತದ ಗುರಿ.
51,"ಆದಾಗ್ಯೂ, ಬಿಳಿ ಹುರುಳಿ ಸಾರ ತೂಕ ನಷ್ಟವನ್ನು ಉತ್ತೇಜಿಸಲು ಸಹಾಯ ಮಾಡುತ್ತದೆ ಎಂದು ಕೆಲವು ಅಧ್ಯಯನಗಳು ಸೂಚಿಸುತ್ತವೆ."
52,"ನೀವು ಇದರೊಂದಿಗೆ ನೀವು ಸಾರ ಖರೀದಿಸಿದ ಏನು ಉತ್ಪಾದಕರಿಂದ ಮತ್ತು ಸಾಂದ್ರತೆಯ ಮೇಲೆ ಅವಲಂಬಿತವಾಗಿದೆ ಏಕೆಂದರೆ, ಔಟ್ ಡೋಸೇಜ್ ಅಥವಾ ಡೀಲರ್, ಅಥವಾ ಜತೆಗೂಡಿದ ವಿವರಣೆಯಲ್ಲಿ ಲೆಕ್ಕಾಚಾರ ಮಾಡಬೇಕು, ಗಮನಿಸಿ, ಅವರು ಸಪ್ಲಿಮೆಂಟ್ಸ್ ಬಿಡುಗಡೆ."
53,"ಅಲ್ಲದೆ ಜೀವಿರೋಧಿ ಪರಿಣಾಮವು ಸೇರಿಸಲಾಗಿದೆ ಭಾಗಗಳೊಂದಿಗೆ ಕೈಗಳನ್ನು ಜೆಲ್ ರಲ್ಲಿ ವಿಟಮಿನ್ ಇ, ಅಲೋ ಸಾರ ಅಥವಾ ನೈಸರ್ಗಿಕ ತೈಲಗಳು ಪ್ರಭಾವ issushivayuschee ಮದ್ಯ ಮತ್ತು ಟ್ರೈಕ್ಲೊಸನ್ ಕಡಿಮೆ."
54,"ಪಾಲುದಾರಿಕೆ ಮುಖ್ಯ ಸಾರ ನಿಧಿಗಳ ಬಳಕೆಯನ್ನು ಒಂದು ನಿರ್ದಿಷ್ಟ ಅವಧಿಯಲ್ಲಿ ಬ್ಯಾಂಕ್ ಬಂಡವಾಳ ಸಂರಕ್ಷಣೆ, ಮತ್ತು ಸಂಸ್ಥೆಗೆ ನೀಡುವ ವ್ಯಕ್ತಿ ತನ್ನ ಗ್ರಾಹಕ ಒದಗಿಸಿದ ಪ್ರಮಾಣದ ಸ್ವಲ್ಪ ಪ್ರಮಾಣದಲ್ಲಿ ಕೊಡುತ್ತಾರೆ."
55,ಸಮಾಜದಲ್ಲಿ ಎಲ್ಲರೂ ಶಾಂತಿ ನೆಮ್ಮದಿಯಿಂದ ಬಾಳಬೇಕು ಎಂಬುದೆ ಬೈಬಲ್ ಧರ್ಮಗ್ರಂಥದ ಸಾರ ಎಂದು ಹೇಳಿದರು.
56,ಸಾರ ಮತ್ತು ವಿಲಕ್ಷಣ ಮೇಲೆ ಒತ್ತು - ಗ್ರಾಹಕ ಈ ಅಭಿಪ್ರಾಯ ಬ್ರಾಂಡ್ನ ಉತ್ಪನ್ನಗಳಲ್ಲಿ ಭೇದ ಏನು ಎಂದು.
57,"ಗೊಟಗೋಡಿಕೊಪ್ಪ ಮುಕ್ತಿ ಮಠದ ತಪೋರತ್ನ ಶಿವಸಿದ್ಧಸೋಮೇಶ್ವರ ಶಿವಾಚಾರ್ಯ ಶ್ರಿಗಳು ಮಾತನಾಡಿ, ಧರ್ಮದ ಸಾರ ಅರಿತು ನಡೆಯಬೇಕು."
58,ಇನ್ನ ಸಾರ ಹೆಂಗ ಇಸ್ಗೋಳ್ಳಿಕ್ಕೆ ಬರತದ.
59,"ಸಂಕ್ಷಿಪ್ತವಾಗಿ ಹೇಗೆ, ಅದರ ಸಾರ ವಿವರಿಸಲು."
60,ಡೊಂಗರ ಎಲೆ ಸಾರ ನಡುದಾವೆ ಕಾಶಿಬಾಯಿ ಪೋನ್ಹಚ್ಚಿ
61,ವೆನಿಲ್ಲಾ ಸಾರ - 5 ಗ್ರಾಂ
62,"ಹೆಚ್ಚುವರಿಯಾಗಿ, ಬೆಳ್ಳುಳ್ಳಿ , ದ್ರಾಕ್ಷಿ ಬೀಜದ ಸಾರ , ಗುಗುಲ್ ಮತ್ತು ಗ್ಲುಕೋಮನ್ನನ್ ರೀತಿಯ ನೈಸರ್ಗಿಕ ಪರಿಹಾರಗಳು ನಿಮ್ಮ ಕೊಲೆಸ್ಟರಾಲ್ ಮಟ್ಟವನ್ನು ಕಡಿಮೆ ಮಾಡಲು ಸಹಾಯ ಮಾಡುತ್ತದೆ ಎಂದು ಕೆಲವು ಸಂಶೋಧನೆಗಳು ತೋರಿಸುತ್ತವೆ."
63,ಅದಕ್ಕೆ ಗೀತಾದ ಸಾರ ಮತ್ತಷ್ಟು ಶಕ್ತಿ ಮತ್ತು ಸ್ಫೂರ್ತಿ ತುಂಬಲಿದೆಯಂತೆ.
64,ಸಾರ ಸಾಂಬಕ ರತಿಪತಿ | ರೇವತಿಯ | ನೀರ ಸಾತ್ಯಕಿ ಗಣಪತಿ ||
65,ಪೊರಿಯಾ ಕೋಕೋಸ್ ವಾಟರ್ ಸಾರ (ಪಿ.
66,"ಇದರ ಸಾರ ಸುಳ್ಳಿನಲ್ಲಿ ದಿ ವಾಸ್ತವವಾಗಿ ದಿ ಅನುಷ್ಠಾನ ಕಾಮಗಾರಿಗೆ ಸಂಬಂಧಿಸಿದ ಜೊತೆ ದಿ ನಿರ್ಧಿಷ್ಟ ಉತ್ಪಾದನಾ ಉತ್ಪನ್ನಗಳು, ಹಾಗಾದರೆ ಖಚಿತಪಡಿಸಿಕೊಳ್ಳಲು ಲಾಭ ಒಂದು ಮಟ್ಟದ ಅದರಲ್ಲೂ ಅವಕಾಶ ವೇತನ ದಿ ಎರವಲು ಸಂಪನ್ಮೂಲಗಳು."
67,ಇದರ ಸಾರ ಮೊಸಾಯಿಕ್ ಮೇಲೆ ವಜ್ರದ ಮಾದರಿಯ ಬಂಧಕ ನೆಲೆಸಿದೆ.
68,ಇದರ ಸಾರ ಅನುಸರಿಸುತ್ತಿದ್ದಾರೆ: ನಾವು ವಧು ಸೇರಿದಂತೆ ವಿವಿಧ ಫೋಟೋಗಳನ್ನು 8-10 ಕಾಯಿಗಳು ತೆಗೆದುಕೊಳ್ಳಬಹುದು.
69,ಇದರ ಸಾರ ಎಲ್ಲಾ ಕ್ಯಾನ್ಸರ್ ಔಷಧಗಳು ಇರುತ್ತದೆ.
70,"ಮನುಷ್ಯನ ಸಾರ - ಬದುಕಿನಲ್ಲಿರುವ ಜನ್ಮ ಇತರ ಸ್ವರೂಪಗಳಾದ ವ್ಯತ್ಯಾಸವು, ಒಂದು ಅಥವಾ ಇನ್ನೊಂದು ರೀತಿಯಲ್ಲಿ ಎಲ್ಲಾ ಜನರಿಗೆ ಅಂತರ್ಗತವಾಗಿರುವ ನೈಸರ್ಗಿಕ ವೈಶಿಷ್ಟ್ಯಗಳನ್ನು ಮತ್ತು ಆಂತರಿಕ ಲಕ್ಷಣಗಳನ್ನು ಪ್ರತಿಬಿಂಬಿಸುವ ಒಂದು ತಾತ್ವಿಕ ಪರಿಕಲ್ಪನೆ."
71,ಪ್ರಕ್ರಿಯೆಗೊಳಿಸಲು ಸಾರ ಶುದ್ಧತೆ ವಿಮೆ ಮಾಡಲು ತೊಳೆಯುವ ನಂತರ ಬೌಲ್ ಮತ್ತು ಜಾಡಿಗಳ ಒಳ ಮೇಲ್ಮೈಯನ್ನು ಸ್ಪರ್ಶಿಸಬಾರದು.
72,"ಮತ್ತು ಏನು ಹೇಳಲಾಗಿದೆ ಸಾರ ತಿಳಿಯಲು, ಅರ್ಥಮಾಡಿಕೊಳ್ಳಲು ಪ್ರಯತ್ನಿಸಿ ಹೊಂದಿಲ್ಲ."
73,ಸಾರ ಸರಳಿನಿಂದ ಸೆಳೆವೆ | ಕ್ರೂರ ಸತ್ವದೀ ||೧೧೭||
74,"ಅದರ ಸಾರ ಸಂಪೂರ್ಣ ತಿಳುವಳಿಕೆಯನ್ನು ಇದು ವಿವರಣಾತ್ಮಕ ಉದಾಹರಣೆಗಳು ಮತ್ತು ವಾದಗಳ ಆಧಾರದ ಮೇಲೆ, ಒಂದು ನಿರ್ದಿಷ್ಟ ಕೋನದಲ್ಲಿ ಎಲ್ಲಾ ನೋಡಲು ಅಗತ್ಯ."
75,ಗಂಧ ಕಳಕೊಂಡ ಸಾರ ಹಾಗೆ
76,ಈ ಮಹಾತಾಯಿಯ ಜೀವನೋದ್ದೇಶದ ಸಾರ ಸರ್ವಸ್ವ- ಕರುಣೆ ಮತ್ತು ಪ್ರೇಮವೇ ಆಗಿತ್ತು.
77,"ಇದರ ಸಾರ ವಾಸ್ತವವಾಗಿ ಇರುತ್ತದೆ ಸ್ಟಡ್ ಎಂದು ಕರೆಯಲ್ಪಡುವ ವಿವರಗಳನ್ನು ಸೇರಿಸಲಾಗಿದೆ ಮುಂಚಿತವಾಗಿ ಫಿಕ್ಸಿಂಗ್ ವಸ್ತುಗಳನ್ನು ತಯಾರಿಸಲಾಗುತ್ತದೆ, ತಯಾರಾದ ರಂಧ್ರಗಳನ್ನು ಆ."
78,ತಯಾರಿಕೆಯ ಭಾಗವಾಗಿ ಹಸಿರು ಎಲೆಗಳ ಸಾರ ಬಳಸಲಾಗುತ್ತದೆ.
79,ಸಸ್ಯಗಳ ವಿಶಿಷ್ಟತೆಯ ಮೂಲ ಕಾರಣ ಅದೇ ಸಸ್ಯಗಳ ಬದುಕಿನ ಸಾರ ಸರ್ವಸ್ವ ಕೂಡ ಅದೇ.
80,"ಹೀಗಾಗಿ ಚಯಾಪಚಯ ದರ ಮೊದಲ ಕಡಿಮೆ, ಮತ್ತು ಅದರ ಸಾರ ಹೆಚ್ಚಾದಂತೆ ಇದೆ."
81,ಪ್ರಸಾಧನ ಸಾರ ತೈಲ ಅಥವಾ ಸೂಕ್ಷ್ಮೀಕೃತ ಪುಡಿ ರೂಪದಲ್ಲಿ ಹೆಚ್ಚಾಗಿ ಬಳಸಲಾಗುತ್ತದೆ.
82,ವೃಕ್ಷವೊಂದರ ಪರಿಪೂರ್ಣ ಸಾರ ಹಣ್ಣಿನಲ್ಲಿರುವಂತೆ ಈ ವೇದವೆಂಬ ಕಲ್ಪವೃಕ್ಷದ ಎಲ್ಲ ಅಮೃತಸಾರ ಭಾಗವತವೆಂಬ ಫಲದಲ್ಲಿದೆ.
83,"ನೈಸರ್ಗಿಕ ಅಂಶಗಳು (ಪ್ರಮಾಣೀಕೃತ ಬಿಲ್ಬೆರಿ ಸಾರ ಮತ್ತು ಬೀಟಾ-ಕ್ಯಾರೋಟಿನ್), ಸಿದ್ಧತೆ Strix ಕುರಿತ, ವಿಮರ್ಶೆಗಳು ಈ, ವಾಸ್ತವವಾಗಿ, ತೊಡೆದುಹಾಕಲು ಖಚಿತಪಡಿಸಲು ಕಣ್ಣಿನ ಆಯಾಸ, ಗಮನಾರ್ಹ eyestrain ಸಂಬಂಧವಿಲ್ಲ."
84,ವಚನ ಸಾರ ಅರಿತು ಬಲ್ಲಿದರಾಗೋಣವೇ?
85,"ಇದು ಆಗ ಸಂಯೋಜನೆಯಲ್ಲಿ ಇನ್ನೂ ಅವಳ ಹಿಂದಿರುಗಿ ಅದರ ಸಾರ ವಿವರಿಸಲು ಸಮಯ ಕಾರಣ, ಒಂದು ಶಾಸನವು ಎಂದು ಸೂಕ್ತವಾಗಿರುತ್ತದೆ."
86,ಇವು ರಾಕ್ಷಸ ರೂಪದಲ್ಲಿ ಬೆಳವಣಿಗೆ ಕಂಡರೂ ನೆಲದ ಸಾರ ಸತ್ವಗಳನ್ನು ಹೀರುವುದಲ್ಲದೇ ಅಡಿಕೆಗೆ ಹಾಕಿದ ನೀರು ಗೊಬ್ಬರವನ್ನೂ ಕಬಳಿಸಿ ಮುಗಿಲೆತ್ತರಕ್ಕೆ ಚಾಚುತ್ತವೆ.
87,ಪರ್ಲ್ ಸಾರ ಮತ್ತು ಕಾಲಜನ್
88,"ವಚನ ಶಾಸ್ತ್ರ ಸಾರ ಭಾಗ – ೩, ವಿಜಾಪುರ: ಹಿತಚಿಂತಕ."
89,ಕೆಳಗಿನಂತೆ ಎಲ್ಲಾ ಕೆಲಸ ಸಾರ ಎನ್ನಲಾಗಿದೆ:
90,"ಇತ್ತೀಚೆಗೆ ಅತ್ಯಂತ ಪ್ರಾಚೀನ ಕಾಲದಿಂದಲೂ, ಒಳಾಂಗಣ ವಿನ್ಯಾಸ ಅತ್ಯಂತ ವೈವಿದ್ಯಮಯ ಶೈಲಿಗಳು ಒಂದು ದೊಡ್ಡ ವಿವಿಧ ಮತ್ತು ಹೈಟೆಕ್ ಶೈಲಿ ಮತ್ತು ಸಾರ ಮುಟ್ಟಿ."
91,ಎಲ್ಲಾ ಸ್ತ್ರೀ ಸಾರ ಮತ್ತು ಸೌಂದರ್ಯವನ್ನು ಒತ್ತಿಹೇಳಲು ವಿನ್ಯಾಸಗೊಳಿಸಲಾಗಿದೆ.
92,ಸಾರ ಸಜ್ಜನರ ಸಂಗ ಲೇಸು; ದೂರ ದುರ್ಜನರ ಸಂಗ ಬೇಡ ಎನ್ನುವಂತೆ ಕೆಟ್ಟವರ ಜೊತೆ ಮೂರ್ಖರ ಸಹವಾಸ ಮಾಡಬಾರದು.
93,"ಜೀವಸತ್ವಪೂರಕ ಆಹಾರ Dinamizan (ತಜ್ಞರ ಕಾಮೆಂಟ್ಗಳನ್ನು ಅದರ ಪ್ರಮಾಣವು ಯುರೋಪಿಯನ್ ಮಾನದಂಡಗಳಿಗೆ ಅನುಗುಣವಾಗಿ ಬಗ್ಗೆ ಮಾತನಾಡಲು) ಇದರ ವಿನ್ಯಾಸ ಖನಿಜಗಳು ಮತ್ತು ಜೀವಸತ್ವಗಳ, ಖನಿಜಗಳು ಮತ್ತು ಅಮೈನೋ ಆಮ್ಲಗಳ ಸೂಕ್ತ ಸಂಯೋಜನೆಯನ್ನು, ಹಾಗೂ ಇನ್ನಿತರ ಸಾರ ಹೊಂದಿದೆ."
94,ವೆನಿಲಾ ಸಾರ - 12 ಹನಿಗಳು;
95,ಕೆಸೆಟ್ಟಿನಲ್ಲಿ ವೀರಪ್ಪನ್‌ ಮಾತಿನ ಸಾರ ಹೀಗಿದೆ.
96,"ತಜ್ಞರು ನಿಯಮಿತವಾಗಿ ನೀರು ಸಂಪರ್ಕಿಸಲು ವಿಶೇಷವಾಗಿ ಮೊದಲು, ಅದರ ಸಾರ ತೈಲದ ರೇಖಾಚಿತ್ರ ಜೀವವನ್ನು ಉಳಿಸುವ ಸ್ವಚ್ಛಗೊಳಿಸಬಹುದು ಸಲಹೆ."
97,"ಆದ್ದರಿಂದ, ನಮ್ಮ ಕೆಲಸವನ್ನು ಅಕ್ಷರಶಃ ಸಮುದ್ರದ ಔಟ್ ನೀರಿನ ಹಿಸುಕು ಮತ್ತು ಎಲ್ಲಾ ಪ್ರಮುಖ ಸಾರ ಮತ್ತು ಈ ವಿಷಯದಲ್ಲಿ ಅಗತ್ಯ ಓದುಗರಿಗೆ ಒದಗಿಸುವುದು."
98,ವೆನಿಲಾ ಸಾರ - 5 ಮಿಲಿ.
99,ಭ್ರೂಣದ ಸರಿಯಾದ ಬಳಕೆಯನ್ನು ಸಾರ ಮಾಡುವುದು ತುಂಬಾ ಸರಳವಾಗಿದೆ:
100,"ಅದಕ್ಕೆ ಪೂರಕವಾಗಿ ಅವರು ತೆಗೆಯುವ ಬಹುತೇಕ ಚಿತ್ರಗಳು ರೀಮೇಕ್ ಆಗಿರುತ್ತದೆ, ಇಲ್ಲವೇ ಅನೇಕ ಚಿತ್ರಗಳ ಸಾರ ಒಂದರಲ್ಲಿ ಇರುತ್ತದೆ."
101,ಸಾರ ಸಂಗ್ರಹ
102,ಹಸಿರು ಚಹಾ ಸಾರ ಮತ್ತು ವ್ಯಾಯಾಮದ ಸಂಯೋಜನೆಯು ಇಲಿಗಳಲ್ಲಿನ ಕೊಬ್ಬಿನ ಪಿತ್ತಜನಕಾಂಗದ ರೋಗವನ್ನು ತಗ್ಗಿಸುತ್ತದೆ – ನ್ಯೂಸ್- ಮೆಡಿಕಲ್.
103,"ಪುತ್ತೂರು ತಾಲೂಕನ್ನು ಕರ್ನಾಟಕದಲ್ಲಿ ಅಗ್ರಗಣಿಯಾಗಿ ಕಾಣೋಣ, ನಮ್ಮ ಶಿಕ್ಷಣಾಧಿಕಾರಿಗಳ ಮಿಷನ್ ೯೫+ಗೆ ಯಜ್ಞ ಸಮಿತ್ತುಗಳಾಗೋಣ, ಗುರುಗಳೆಲ್ಲರ ಆಶೀರ್ವಾದಕ್ಕೆ ಭಾಜನರಾಗೋಣ, ಮಾತಾ ಪಿತರ ಅಶೋತ್ತರಗಳಿಗೆ ಸಾರ ನೀರೆರೆಯೋಣ, ಗೆಳೆಯರ ಒಡನಾಟಕ್ಕೆ ಅರ್ಹ ಪ್ರತ್ಯುತ್ತರ ನೀಡೋಣ, ನಮ್ಮ ಶಾಲೆಯನ್ನು ಉತ್ತಮ ಫಲಿತಾಂಶದೊಂದಿಗೆ ತಾಲೂಕಿಗೇ ಪ್ರಥಮವಾಗಿಸೋಣ, ?"
104,"ಆದಾಗ್ಯೂ, ಹಚ್ಚೆ ನಿಜವಾದ ಸಾರ ಒಂದೇ ಉಳಿದಿದೆ - ಇದು ದೂರ ವ್ಯಕ್ತಿಯಿಂದ ಉಳಿದರು ತನ್ನ ಸ್ಥಳೀಯ ಮನೆ, ಕುಟುಂಬ, ಒಂದು ಹಾತೊರೆಯುವ ಅರ್ಥ."
105,"ಕುಣಿಕೆ ಸನ್ನಿವೇಶದಲ್ಲಿ ಕಾಣಿಸಿಕೊಂಡರು, ಅದು ಸಮಸ್ಯೆಯ ಸಾರ ತಿಳಿಯಲು ಸಮಯ ತಮ್ಮ ನೆರವು, questioner ಜೀವನದಲ್ಲಿ ಸಂಭವಿಸುತ್ತವೆ ಅಸಾಮಾನ್ಯ ಪರಿಸ್ಥಿತಿಯನ್ನು ಬದಲಾಯಿಸಲು ಸಹಾಯ ಮಾಡುವ ಘರ್ಷಣೆಗಳು ಸೂಚಿಸುತ್ತದೆ."
106,ಪೂಜ್ಯರ ಅಪರ ಕಾರ್ಯಗಳನ್ನು ಬೌದ್ಧ ನಿಯಮಾನು ಸಾರ ಸೆ.
107,"ಆದ್ದರಿಂದ, ನೀವು ಪ್ರತಿದಿನ ಕನಿಷ್ಠ ಅವರ ಕುಟುಂಬ ಸಾರ ಮತ್ತು ಪೌಷ್ಟಿಕ ಊಟ ಚಿಕಿತ್ಸೆ ಮಾಡಬಹುದು."
108,ಬಾ ಸಾತ್ವಿಕಿ ಸಮೀಪಕ್ಕೆ ಬಾ ನನ್ನವಳಾಗಿ ನನ್ನ ಮನದ ಬಯಕೆಯನ್ನು ಈಡೇರಿಸು ನಿನಗಾಗಿ ಸಾರ ಸರ್ವಸ್ವವನ್ನೂ ತ್ಯಾಗ ಮಾಡಲು ಈ ಕೌಶಿಕ ಸಿದ್ಧನಿದ್ದಾನೆ.
109,ಮಿಲಿ ಬುಡ್ಡಿಯಿಂದ ಮ್ಯಾಜಿಕ್ ಫಾರ್ಚೂನ್ ಉತ್ಪನ್ನದ ನಿಜವಾದ ಸಾರ ಹೊಂದಿದೆ ಮುಖ್ಯ ವಾಸನೆಯನ್ನು ಇದು ಕೂದಲು ಮೇಲೆ ಸಿಂಪಡಿಸಲಾಗುತ್ತದೆ ಮತ್ತು ದಿನವಿಡೀ ಇರುತ್ತದೆ ಹೈಲೈಟ್ ಮಾಡಲು ಉದ್ದೇಶಿಸಲಾಗಿದೆ.
110,ತಮ್ಮ ಸಾರ ಹೆಚ್ಚಾದಂತೆ ಪರಿಣಾಮವಾಗಿ.
111,"ದೀಪಾವಳಿಯ ಸಮಗ್ರ ಸಾರ ತತ್ವವನ್ನು, ಆಧ್ಯಾತ್ಮಿಕ ಹಿನ್ನೆಲೆಯನ್ನು ತಿಳಿಯುವ *ದೀಪದ ಹಬ್ಬ* ಕಾರ್ಯಕ್ರಮ."
112,ನಿಮ್ಮ ಉಳುಮೆಯಿಂದಾಗಿ ಭೂಮಿಯ ಸಾರ ನಷ್ಟವಾಯಿತು.
113,"ಯೋಜನೆಯ ಸಾರ - ಮಕ್ಕಳು ಪ್ರಾಣಿಗಳು ಸಂವಹನ ಕೇವಲ ಮತ್ತು ಪಿಇಟಿ ಅವರನ್ನು, ಆದರೆ ಪರಿಸ್ಥಿತಿಗಳು ಪ್ರಾಣಿಗಳನ್ನು ಈ ಜಮೀನಿನಲ್ಲಿ ವಾಸಿಸುವ ಹೇಗೆ ಮತ್ತು ಯಾವ ನೋಡಲು, ಆಹಾರ ನೀಡಲು."
114,"ಇದರ ಸಾರ ಮಾಂಸದ ಒಂದು ಸಮಯದಲ್ಲಿ ಎಂದು ವಾಸ್ತವವಾಗಿ ಇರುತ್ತದೆ, ಹೇಳುತ್ತಾರೆ, ಅಥವಾ ಮೀನು ಉತ್ಪನ್ನಗಳನ್ನು ಭಾರೀ ಮೊತ್ತದ ಹಸ್ತದ ಗಾತ್ರವನ್ನು ಮೀರುವಂತಿಲ್ಲ, ಮತ್ತು ಒಂದು ಭಕ್ಷ್ಯ ಎಂದು ಎಷ್ಟು ಆಹಾರ ಸೇವನೆ ಮಾಡಬೇಕು ಅನುಕ್ರಮವಾಗಿ ಎರಡು ಕೈಗಳಲ್ಲಿ ವಿವರಿಸಿದರು."
115,"ಸುದ್ದಿಗೆ ತಕ್ಕ ಶೀರ್ಷಿಕೆ, ಚಿತ್ರ ಹಾಗೂ ಸುದ್ದಿ ಸಾರ ಹಾಗೂ ಸುದ್ದಿಯ ಲಿಂಕ್ ಇರುತ್ತದೆ."
116,"ನೀವು ಖಚಿತವಾಗಿ ಇಲ್ಲದೆ ಮಾಡಬಹುದು, ಆದರೆ ಇದನ್ನು ಟೇಸ್ಟಿ ಮತ್ತು ಸಾರ ಆಗುವುದಿಲ್ಲ;"
117,ಸದಭಿರುಚಿಗಳ ಸಾರ : ತುಷಾರಯ್ಯ ಎಂಬ ಈಶ್ವರಯ್ಯ
118,ಟೀಚಮಚ ವೆನಿಲಾ ಸಾರ
119,ಸಾರ ನಡುದಾವೆ ರನ್ನಾದೆ ಕೋಲು ಕೋಲು.
120,"ಇದರ ಸಾರ ಪ್ರತ್ಯೇಕ ಜೀವನ ನಡೆಸುವಂತಾಗಿದೆ ಅಂಶಗಳನ್ನು ಚಲನೆ ಮತ್ತು ಅಭಿವೃದ್ಧಿಯಲ್ಲಿ, ಸ್ವತಂತ್ರವಾಗಿ ಆದರೆ ಸಂಯೋಗದೊಂದಿಗೆ ಪರಿಗಣಿಸಲಾಗುತ್ತದೆ ಎಂದು ವಾಸ್ತವವಾಗಿ ಇರುತ್ತದೆ."
121,ಇದರ ಸಾರ ಕೆಳಕಂಡ ಅಂಶಗಳನ್ನು ವ್ಯಾಖ್ಯಾನ ಕುದಿಯುವ ಕೆಳಗೆ:
122,ಎಲ್ಲ ಧರ್ಮಗಳ ಸಾರ ಒಂದೇ: ತರಳಬಾಳು ಸ್ವಾಮೀಜಿ
123,"ಇದೆಲ್ಲದರ ಮುಟ್ಟಿತ್ತು ವೈದ್ಯರು ಅಸಮಾಧಾನ ಉಳಿದಿದೆ ಏಕೆಂದರೆ, ತಮ್ಮ ಮೌಲ್ಯಗಳನ್ನು ಮರು ಮೌಲ್ಯಮಾಪನ, ಜೀವನದ ಸಾರ ನೋಡಲು ಸಹಾಯ ಮಾಡುತ್ತದೆ."
124,ಪ್ರತಿ ಪ್ರಸಾಧನಗಳಲ್ಲೂ ಎಂದು ಕಾಣಬಹುದು ಪದಾರ್ಥವಾಗಿ - ಈ ಸೀರಮ್ ಒಂದು ಅಕ್ಕಿ ಸಾರ ಹೊಂದಿದೆ ಎಂದು ವಾಸ್ತವವಾಗಿ.
125,ಹನಿಗಳು ಸಂಯೋಜನೆಯನ್ನು ಕೇವಲ ನೈಸರ್ಗಿಕ ಅಂಶಗಳನ್ನು ಮತ್ತು ಔಷಧೀಯ ಮೂಲಿಕೆಗಳ ಸಾರ ಹೊಂದಿದೆ.
126,ಇದೇ ಪ್ರಜಾಪ್ರಭುತ್ವದ ಸತ್ವ- ಸಾರ ಎಂದು ಮುಖ್ಯಮಂತ್ರಿ ಎಚ್ ಡಿ ಕುಮಾರಸ್ವಾಮಿ ಟ್ವೀಟ್ ಮೂಲಕ ತಮ್ಣಣ್ಣಗೆ ಬುದ್ದಿವಾದ ಹೇಳಿದ್ದಾರೆ.
127,ಸಾವಯವ ಕೃಷಿಯಿಂದ ಭೂಮಿಯ ಸಾರ ಹೆಚ್ಚುವುದು.
128,"ಹೇಗಾದರೂ, ಲೇಖಕರು ಹೆಚ್ಚಿನ ವಿಮರ್ಶೆ ಅಧ್ಯಯನಗಳು ಕಳಪೆ ಗುಣಮಟ್ಟದ ಎಂದು ಮತ್ತು ಹಸಿರು ಕಾಫಿ ಸಾರ ತೂಕ ನಷ್ಟ ಶಿಫಾರಸು ಮಾಡಬಹುದು ಮೊದಲು ಹೆಚ್ಚಿನ ಸಂಶೋಧನೆ ಅಗತ್ಯವಿದೆ ಎಂದು ಎಚ್ಚರಿಕೆ."
129,"ವಿಶಿಷ್ಟವಾಗಿ, ಸಾಲದ ಮುಖ್ಯ ಸಾರ - ಪರಿಣಾಮವಾಗಿ, ವಹಿವಾಟು ಹೆಚ್ಚಳಕ್ಕೆ, ಜನಸಂಖ್ಯೆಯಲ್ಲಿ ಪ್ಲಮ್ ಹೆಚ್ಚಿಸುವಲ್ಲಿನ ಆಗಿದೆ."
130,ಸಹಜವಾಗಿ ರೂಸ್ವೆಲ್ಟ್ ಮುಖ್ಯ ಸಾರ - ಆರ್ಥಿಕತೆಯಲ್ಲಿ ಸರ್ಕಾರದ ಹಸ್ತಕ್ಷೇಪ.
131,ಮುಖ್ಯ ವಿಷಯ ಅದರ ಸಾರ ತಿಳಿಯಲು ಇದು.
132,ಇದರ ಸಾರ ತತ್ವಶಾಸ್ತ್ರ ಅದು ಎಲ್ಲಾ ಇತರ ಬೋಧನೆಗಳು ಪ್ರತ್ಯೇಕವಾಗಿ ನಿಲ್ಲುತ್ತಾನೆ ಎಂದು ವಾಸ್ತವವಾಗಿ ಇರುತ್ತದೆ.
133,ನೋಯುತ್ತಿರುವ ಚುಕ್ಕೆಗಳಿಗೆ ಪ್ರೋಪೋಲಿಸ್ ಸಾರ ಮತ್ತು ನೀರನ್ನು (1: 2) ಮಿಶ್ರಣದಲ್ಲಿ ತೇವಗೊಳಿಸಿದಾಗ ಸಂಕುಚಿತಗೊಳಿಸಬೇಕಾಗುತ್ತದೆ.
134,"ಆದರೆ ಕಾರ್ ಅಥವಾ ರಥ ಸಾರ ಇಲ್ಲ, ಅದು ಹೇಗಾದರೂ ಭಾಗಗಳೊಳಗೆ ನೆಲೆಸುತ್ತದೆ."
135,ಯೋಗಾಭ್ಯಾಸದ ನಿಜವಾದ ಸಾರ
136,ತೊಗಟೆಯ ಜಲೀಯ ಸಾರ ಅಸ್ಥಿಸಂಧಿವಾತದ ಇಲಿ ಮಾದರಿಯಲ್ಲಿ ಅಸ್ಥಿಸಂಧಿವಾತವನ್ನು ಪ್ರತಿಬಂಧಿಸುತ್ತದೆ.
137,"ಉಚಿತ ಸಮಯ, ಫ್ರಿಜ್ ಮತ್ತು ಸಂಪೂರ್ಣವಾಗಿ ಪ್ರತಿ ಕುಟುಂಬಕ್ಕೆ ಮನವಿ ಒಂದು, ಟೇಸ್ಟಿ ಸಾರ ಮತ್ತು ರಸಭರಿತವಾದ ಖಾದ್ಯ ಮಾಡಲು ಬಯಕೆ ಆಹಾರ ಹೊಂದಿವೆ ಸಾಕಷ್ಟು."
138,ಕಾರ್ಯಾಚರಣೆಯ ಸಾರ ತಿಳಿಯಲು ರಷ್ಯಾದ ಭಾಷೆಯ ಒಂದು ಉದಾಹರಣೆಯನ್ನು ನೀಡುತ್ತದೆ.
139,ನಿಮ್ಮ ಹಾಸಿಗೆಯ ವಾಸನೆ ಮತ್ತು ಬ್ಯಾಕ್ಟೀರಿಯಾವನ್ನು ಮುಕ್ತವಾಗಿಡಲು ಹಸಿರು ಚಹಾ ಸಾರ ಮತ್ತು ಕ್ಯಾಸ್ಟರ್ ನೈಸರ್ಗಿಕ ಬೀಜದ ಎಣ್ಣೆಯಿಂದ ಇದು ತುಂಬಿರುತ್ತದೆ.
140,ಈ ಮೂಲಕ ದೇವರು ಹಾಗೂ ಮನುಷ್ಯನ ಸಮಾಗಮವೇ ಕ್ರಿಸ್‌ಮಸ್ ಹಬ್ಬದ ಸಾರ ಎಂದು ಮಂಗಳೂರು ಬಿಷಪ್ ಡಾ.
141,ಇವೆಲ್ಲಾ ಮಣ್ಣಾದಾಗ ಕಾರ್ಯಶೀಲವಾಗುವ ಜಿ ಎಂಬ ಬ್ಯಾಕ್ಟೀರಿಯಾವಿಲ್ಲದೆ ಸಸ್ಯಗಳಿಗೆ ಮಣ್ಣಿನ ಸಾರ ದೊರಕಲಾರದು.
142,ಗುರುಬಸವ ಮಹಾಸ್ವಾಮಿಗಳವರು ಅಣ್ಣ ಬಸವಣ್ಣನವರ ಅಮೂಲ್ಯವಾದ ವಚನಗಳ ಸಾರ ಇಂದು ಎಲ್ಲೆಡೆಯು ಪಸರಿಸಬೇಕಾಗಿದೆ.
143,ಅಂಡಾಣು ಎಂದರೇನು ಮತ್ತು ಅದರ ಸಾರ ಏನು?
144,"ಇದು ರಂಧ್ರದಲ್ಲಿ ಹೋಗುವ ಇದು ಸ್ಟಾಕ್, ನೀವು ಒಂದು ಸಾರ ಮಾಂಸರಸ ಬಳಸಬಹುದು ಎಂದು ರುಜುವಾತಾಗಿದೆ ಯೋಗ್ಯವಾಗಿದೆ."
145,ಬೆಳಕಿನ ಒಂದು ಭಾಗವಾಗಿ ಹಲವಾರು ಗಂಟೆಗಳ ಸ್ಥಾಯಿಯಾದ ಬಣ್ಣವನ್ನು ನೀಡುತ್ತದೆ ದಾಳಿಂಬೆ ಸಾರ ಒಳಗೊಂಡಿದೆ.
146,"ಗೋಧಿ ಸಾರ ಆಳವಾಗಿ ಕೂದಲು ಸುಗಮ ಮತ್ತು ಸಾಂದ್ರವಾದ ಮಾಡುವ, ಸರಂಧ್ರ ಎಳೆಗಳನ್ನು ಹಾನಿ ಪೋಷಣೆಯೊಂದಿಗೆ."
147,ಸಂದರ್ಶನದ ಸಾರ ಸಂಗ್ರಹ :
148,ಹಾಗಾಗಿಯೇ ಇದೊಂದು ಸಾರ ಕ್ಷೇತ್ರವೆಂದೇ ಪ್ರಸಿದ್ಧಿಯನ್ನು ಪಡೆದಿದೆ.
149,ವೆನಿಲಾ ಸಾರ - 1 ಟೀಚಮಚ;
150,"ಕ್ಲಿನಿಕಲ್ ಅಂಡ್ ಎಕ್ಸ್ಪರಿಮೆಂಟಲ್ ಗ್ಯಾಸ್ಟ್ರೋಎಂಟರಾಲಜಿಯಲ್ಲಿ ಪ್ರಕಟವಾದ 2013 ರ ಅಧ್ಯಯನವು ಲೈಕೋರೈಸ್ ರೂಟ್ ಸಾರ ಮತ್ತು ಸೂಚಿತ-ಬಲವಾದ ಪಿಪಿಐ (ಪಾಂಟೊಪ್ರಜೋಲ್) ಸಂಯೋಜಿತ ಬಳಕೆಯನ್ನು ಪಿಪಿಐ ಅನ್ನು ಮಾತ್ರ ಬಳಸಿ ಹೋಲಿಸಿದರೆ, ಎದೆ ನೋವು, ಎದೆ ನೋವು ಮತ್ತು ಕಿಬ್ಬೊಟ್ಟೆಯ ಊತದ ಕಡಿಮೆ ಲಕ್ಷಣಗಳನ್ನು ಉಂಟುಮಾಡಿದೆ ಎಂದು ವರದಿ ಮಾಡಿದೆ."
151,ಭಾರತೀಯರೆಂದರೆ ಪರಲೋಕವಾದಿಗಳು; ಅವರ ಚರಿತ್ರೆ ಚಲನಶೀಲತೆಯಿಲ್ಲದ್ದು; ವೇದಪ್ರಣೀತವಾದ ಹಿಂದೂ ಧರ್ಮ ಭಾರತೀಯ ನಾಗರಿಕತೆಯ ಸಾರ ಮತ್ತು ಬುನಾದಿ ಇತ್ಯಾದಿ ನಂಬಿಕೆಗಳು ಪೌರ್ವಾತ್ಯವಾದದಲ್ಲಿ ಪ್ರಧಾನವಾಗಿದ್ದವು.
152,"ಸಾಕ್ಷ್ಯವನ್ನು ಆಧರಿಸಿ ಸಂಶೋಧಕರು ತೀರ್ಮಾನಿಸಿದರು, horsechestnut ಸಾರ ದೀರ್ಘಕಾಲದ ಸಿರೆಯ ಕೊರತೆಗೆ ಅಲ್ಪಾವಧಿಯ ಚಿಕಿತ್ಸೆಯಂತೆ ಸಾಮರ್ಥ್ಯವನ್ನು ಹೊಂದಿದೆ."
153,"ಪರಿಣಾಮ ಸಹ ಪ್ರಬಲ ಆಗಿತ್ತು, ನೀರಿನ ಸಾರ ವಿವಿಧ ಗಿಡಮೂಲಿಕೆಗಳು, ಆರೊಮ್ಯಾಟಿಕ್ ಎಣ್ಣೆಗಳು, ಪಿಚ್, ಉಪ್ಪು ಸೇರಿಸಲಾಯಿತು."
154,"ರಣದೀಪ್ ಹೂಡಾ, ಅದಿತಿ ರಾವ್ ಹೈದರಿ ಹಾಗೂ ಸಾರ ಲೋರೆನ್ ಅಭಿನಯಿಸಿರುವ ಈ ಚಿತ್ರ ಮೊದಲ ದಿನವೇ ರು."
155,ಈ ಸಾರ ಸಂಸಾರ ಸಾಕಾಯ್ತಿ
156,ಮತ್ತೊಂದು ಉಪಯುಕ್ತ ಘಟಕಾಂಶವಾಗಿದೆ - ಕುದುರೆ ಚೆಸ್ಟ್ನಟ್ ಸಾರ - ರಕ್ತ ಪರಿಚಲನೆಗೆ ನೈಸರ್ಗಿಕ ಉತ್ತೇಜಕ ಮತ್ತು ಚರ್ಮದ ಪುನರುತ್ಪಾದನೆಯ ಹೆಚ್ಚಿದ ಪೋಷಣೆಯನ್ನು ಉತ್ತೇಜಿಸುತ್ತದೆ.
157,"ಆದರೆ ಮೊದಲು ನಾವು ಅರ್ಥ, ನಾವು ಈ ಸಸ್ಯ ಮತ್ತು ಅದರ ಸಾರ ಬಗ್ಗೆ ಗೊತ್ತು."
158,ಈಡೋಸ್ ವಿಷಯ - ಆತ್ಮ - ಅದರ ಸಾರ ಮನುಷ್ಯರಲ್ಲಿ ಪ್ರಮುಖ ರಹಸ್ಯ.
159,ಇದರ ಸಾರ ಪ್ರದರ್ಶನ ಪರಿಣಾಮಕಾರಿ ಹೆಚ್ಚಳ ಒಂದು ತಲೆಮಾರಿನ ಏಕೈಕ ಆಚರಿಸಲಾಗುತ್ತದೆ ಎಂದು ವಾಸ್ತವವಾಗಿ ಇರುತ್ತದೆ.
160,"ಹೇಗಾದರೂ, ಕೆಲವು ಅಧ್ಯಯನಗಳು ಅಲೋ ವೆರಾ ಸಾರ ತೆಗೆದುಕೊಳ್ಳುವ ಮೂಲಕ ನಿಮ್ಮ ಲಿಪಿಡ್ ಮಟ್ಟವನ್ನು ಪರಿಣಾಮ ಎಂದು ಗಮನಿಸಿದರು:"
161,ಕೊತ್ತುಂಬರಿಯ ಸಾರ ಮೊಸರರಿಸಿನದೊಳಿಕ್ಕಿ ತುಪ್ಪದೊಳು ಕಲಸಿಯಟ್ಟು ||
162,"ಅಧ್ಯಯನದ ಪ್ರಕಾರ, ಟೈಪ್ 2 ಡಯಾಬಿಟಿಸ್ನ 72 ರೋಗಿಗಳಿಗೆ ಅಗಾರಿಕಸ್ ಸಾರ ಅಥವಾ 12 ವಾರಗಳ ಕಾಲ ಪ್ಲೇಸ್ಬೊವನ್ನು ನೀಡಲಾಗುತ್ತದೆ."
163,CTG - - ಮತ್ತು ಈ ಲೇಖನದಲ್ಲಿ ವಿನ್ಯಾಸಗೊಳಿಸಲಾಗಿದೆ ಈ ಅಧ್ಯಯನದ ಸಾರ ಬಗ್ಗೆ ಆಳವಾದ ತಿಳುವಳಿಕೆಯನ್ನು ಬಯಸುವವರಿಗೆ.
164,ತಿವರಿಗೆಂದನು ಧರ್ಮಶಾಸ್ತ್ರದ ಸಾರ ಸಂಗತಿಯ ೪೦
165,ಆದ್ದರಿಂದ ಭೂಮಿಯ ಸಾರ ಈ ಪುಟ್ಟ ಮನುಷ್ಯ.
166,ವಚನ ಸಾಹಿತ್ಯ ಪರಿಷತ್ತು ಸೃಜನಾತ್ಮಕ ಕಾರ್ಯಗಳನ್ನು ಮಾಡಿ ಯುವ ಜನತೆಗೆ ವಚನಗಳ ಸಾರ ತಿಳಿಸುವಂತಹ ಕಾರ್ಯಕ್ರಮಗಳನ್ನು ಸಂಘಟಿಸುವಲ್ಲಿ ಮುಂದಾಗಬೇಕು
167,ಇದರ ಸಾರ ಬೆಟ್ ಸಣ್ಣ ಗತಿ ಹೆಚ್ಚಾಗತೊಡಗಿತು ಮೂಲಕ ನಡೆಸಲಾಗುತ್ತದೆ ಎಂದು ವಾಸ್ತವವಾಗಿ ಇರುತ್ತದೆ.
168,ವೆನಿಲ್ಲಾ ಸಾರ 1 ಪೊಟ್ಟಣ;
169,"ಇದರ ಸಾರ ವಾಸ್ತವದ ವಿದ್ಯಮಾನಗಳ ಹೆಸರನ್ನು ಅದರ ಸಾಮ್ಯತೆಯನ್ನು ಅಥವಾ ಯಾವುದೇ contiguity ಬದಲಿಗೆ ಪಾದರಕ್ಷೆಯನ್ನು ಜನರಿರುತ್ತಾರೆ ನ ರಸ್ತೆಯ ಷೂಗಳಾಗಿವೆ ಆಧರಿಸಿದ ಮತ್ತೊಂದು ಬದಲಿಸಲಾಗಿದೆ ಎಂದು ವಾಸ್ತವವಾಗಿ ಇರುತ್ತದೆ, ತಟ್ಟೆಯಿಂದ ಎಲ್ಲಾ ಆಹಾರ ತಿನ್ನಲು ಬದಲಿಗೆ ಒಂದು ಬೌಲ್ ತಿನ್ನಲು ಜೊತೆ ಹುಡುಗಿ ಒಂದು ಚಾಕೊಲೇಟ್ ಬಣ್ಣದ ಕಂದು."
170,"ಇದರ ಸಾರ ಎದುರಾಳಿಯ, ಮುಂಡ ಹತ್ತಿರವಾಗುವುದು ಮತ್ತು ಶತ್ರು ನೀವು ಮೇಲೆ ಹಾರಿ ಆದ್ದರಿಂದ ಬದಲಿಗೆ ಹೊಂದಿದೆ."
171,ಸಾಮಾನ್ಯ ಅಥವಾ ಸಮಾನ ಅಂಶವೆಂದರೆ ಒಂದು ವರ್ಗದಲ್ಲಿರುವ ಸಾರ ಮತ್ತು ಅದರ ಸಾರ್ವತ್ರಿಕತೆ.
172,ಪತ್ರದ ಸಾರ ಹೀಗಿದೆ:
173,"ಆದಾಗ್ಯೂ, ಎಲ್ಲರೂ ತಿಳಿದಿರುವಂತೆ, ಸಮಸ್ಯೆಯನ್ನು ಪರಿಹರಿಸಲು ಸಲುವಾಗಿ, ಅಗತ್ಯ ಅದರ ಸಾರ ತಿಳಿಯಲು ಇದು."
174,ನಾನು ಒಂದು ಸಾರ ಭಾಷಾಂತರವನ್ನು ಬೇಕು?
175,ಸಾರ ಶೃಂಗಾರ ಪಟ್ಟಣ ನೋಡಿ |
176,"ವೃತ್ತಿಪರ ಸಾಲು ಶಾಯಿ ಸಂಯೋಜನೆ ಡಿ panthenol, ಬೆಳೆಸುವ ಮತ್ತು ಆರ್ಧ್ರಕ ಕೂದಲು, ಗೋಧಿ ಪ್ರೋಟೀನ್ (ಹಾನಿಗೊಳಗಾದ ಮತ್ತು ಬಲಪಡಿಸಲು ಒಳಗೊಂಡಿದೆ ಸ್ಥಿರವಲ್ಲದ ಕೂದಲು), ಸೂರ್ಯಕಾಂತಿ ಬೀಜಗಳ ಸಾರ (ಸನ್ಸ್ಕ್ರೀನ್ ಪರಿಣಾಮವನ್ನು ಹೊಂದಿದೆ)."
177,"ಇದರ ಸಾರ (ಹೀಲಿಯೋಸೆಂಟ್ರಿಸಮ್) ಗ್ರಹಗಳ ವ್ಯವಸ್ಥೆಯ ಮಧ್ಯಭಾಗದಲ್ಲಿ ಸೂರ್ಯನ ಎಂದು ವಾಸ್ತವವಾಗಿ ಆಗಿತ್ತು, ಗ್ರಹಗಳು ಅದರ ಸುತ್ತ ಸುತ್ತುವ."
178,"ರಶಿಯಾದಲ್ಲಿ, ಇದು ಒಂದು ಜರೀಗಿಡ ಆಫ್ ಮೂಲದಿಂದ ದಪ್ಪ ಸಾರ ಬಳಕೆಯ ಅವಕಾಶ."
179,ಮಿಶ್ರಣವನ್ನು ರುಚಿ ಮತ್ತು ನಿಮ್ಮ ರುಚಿಗೆ ಸರಿಹೊಂದುವಂತೆ ಹೆಚ್ಚು ಜೇನುತುಪ್ಪ ಅಥವಾ ವೆನಿಲಾ ಸಾರ ಸೇರಿಸಿ.
180,"ಸಾರ ಕ್ರಸ್ಟ್ ಶೃಂಗಾರ, ಔಷಧ ಮತ್ತು ಅಡುಗೆಯಲ್ಲಿ ಬಳಸಲಾಗುತ್ತದೆ."
181,ಇವರ ಸಮಾಜಿಕ ಜೀವನದ ಸಾರ ಅಗೆದಷ್ಟೂ ಮುಗಿಯದ್ದು.
182,ಇದರ ಸಾರ ನಿರಂತರ ವೇಗದಲ್ಲಿ ಪರಸ್ಪರ ಸಂಬಂಧಿತ ಚಲಿಸುವ ವಸ್ತುಗಳ ಚಲನೆಯ ಅಧ್ಯಯನ.
183,ಇದರ ಸಾರ ಅರಿವಿನ ಚಟುವಟಿಕೆ ಮತ್ತು ಒಟ್ಟಾರೆಯಾಗಿ ಉದ್ಯಮದ ವರ್ಗದಲ್ಲಿ ರಚನೆ ಸಾಮಾನ್ಯ ತತ್ವಗಳನ್ನು ರೂಪಿಸಲು.
184,ಸಿದ್ದರಾಮಯ್ಯ ಅವರು ಮಾಡಿದ ಭಾಷಣದ ಸಾರ ಇಲ್ಲಿದೆ.
185,ಸಾರ ಅರ್ಜಿ;
186,ಪತ್ರಿಕೆ ಪ್ರಕಟಿಸಿರುವ ಲ್ಯಾಡನ್‌ ಹೇಳಿಕೆಯ ಸಾರ ಹೀಗಿದೆ.
187,"ಅನುವಾದಗಳು- ಶ್ರೀಮದ್‌ವಾಲ್ಮೀಕಿ ರಾಮಾಯಣ (ಏಳು ಕಾಂಡಗಳು) ಅಮರ ಕೋಶ, ವಿದುರ ನೀತಿ, ಶ್ರೀಮದ್ ಭಾಗವತ (ದಶಮಸ್ಕಂದ), ಪ್ರಾರ್ಥನಾ ಶ್ಲೋಕಗಳು, ವಿಷ್ಣು ಪುರಾಣ, ಶ್ರುತಿ ಸಾರ ಸಮುದ್ಧರಣ, ವಾಕ್ಯ ಪದೀಯ ಜೊತೆಗೆ ಹಲವಾರು ಗ್ರಂಥಗಳ ಸಂಪಾದನೆ."
188,ಜನಕುಲು ಒಂಜಿ ದಿನೊಕ್ಕು ಜಾತ್ರೆದ ಗೌಜಿಗ್ ಐನ್ ಸಾರ ಪತ್ತ್ ಸಾರ ರೂಪಾಯಿದ ಮೀನ್ ಕಾಸ್ ಕೊರ್ದು ದೆತೊನ್ದೆರ್.
189,ಆದರೆ ವಿಶೇಷ ಉಪಕರಣಗಳು ಸ್ಪರ್ಧಿಗಳ ಸೈಟ್ನ ವಿಶ್ಲೇಷಣೆ ಮಾಡುತ್ತಿದ್ದರು ನೀವು ನೋಡಬಹುದು ಎಂಬುದನ್ನು ಸಾರ ತಿಳಿಯಲು ಸಾಕು.
190,"ಮಿತ್ರರಾಷ್ಟ್ರಗಳು ತಮ್ಮ ಅಭಿಪ್ರಾಯದಲ್ಲಿ ಒಪ್ಪಿಕೊಂಡರು ಎಲ್ಲಾ ಹೆಚ್ಚಾಗಿ, ವಾಸ್ತವವಾಗಿ ಇದು ಅದರ ಸಾರ ಬದಲಾಗುವುದಿಲ್ಲ ಅದು ವಿಧಾನ, ಒಂದು ಪುನರಾವರ್ತನೆ ಆಗಿತ್ತು."
191,ಅನೇಕ ಕಂಪನಿಗಳು ನಿರ್ಮಾಣ ಚಟುವಟಿಕೆ ಡೆವಲಪರ್ ಕರೆದು ನಿಜವಾದ ಸಾರ ಬದಲಿಗೆ.
192,ಒಣ ಕೆಮ್ಮಿನ ಸಸ್ಯನಾಶದಿಂದ ಸಿರಪ್ ಎಂಬುದು ಬಾಳೆಹಣ್ಣುಗಳ ಸಾರ ಮತ್ತು ಮೆಲೋದ ಹೂವುಗಳನ್ನು ವಿಟಮಿನ್ ಸಿ ಜೊತೆಗೆ ಸೇರಿಸುತ್ತದೆ.
193,ಪ್ರಜಾವಾಣಿ ಕಚೇರಿಯಲ್ಲಿ ಗುರುವಾರ ನಡೆದ ಪ್ರಜಾ ಮತ ಸಂವಾದದಲ್ಲಿ ಖರ್ಗೆ ಮಾತುಗಳ ಪೂರ್ಣ ಸಾರ ಇಲ್ಲಿದೆ.
194,ಹೊನ್ನಾಳಿ: ಎಲ್ಲಾ ಧರ್ಮಗಳ ಸಾರ ಒಂದೇ.
195,ಸಾರ ಕೆಲವು ಹನಿಗಳನ್ನು ವೈದ್ಯರನ್ನು ನೇಮಕ ಮಾಡಬಹುದು.
196,ಪರಿಜನದ ಸುಮ್ಮಾನ ಶರಧಿಯ ಸಾರ ಸಂಪದವ
197,ಅವುಗಳ ಸಕ್ರಿಯ ಪದಾರ್ಥದ ಎಲೆಗಳ ಒಂದು ಪ್ರಮಾಣಕವಾಗಿಸಿದ ಸಾರ ಗಿಂಕ್ಗೊ ಬಿಲೋಬ.
198,"ತಲೆನೋವು ಬಲವಾದ ಆಯಾಸ ಪರಿಣಾಮವಾಗಿದೆ, ಅದು ಒಳ್ಳೆಯ ಪರಿಹಾರ ಕೆಳಗಿನ ಸಾರ ತೈಲಗಳು ಸುವಾಸಿತ ಸ್ನಾನ ಆಗಿದೆ:"
199,"ಪರಿಹರಿಸಲಾಗಿದೆ ಆಲಿಸಿ, ಪ್ರಸ್ತುತಿಗಳು ಮಾಡಲಾಯಿತು, ಶಿಷ್ಟಾಚಾರದ ಪೂರ್ಣ ಆವೃತ್ತಿ ಇದು ಒಂದು ನಿಶ್ಚಿತ ಭಾಗದಲ್ಲಿ ಡಬ್, ವರದಿ ಬಿಡುಗಡೆ ಸಾರ ಕೆಲವು ಸಂದರ್ಭಗಳಲ್ಲಿ ಅಕ್ಷರಶಃ ಎಲ್ಲಾ vystupavshih."
200,"ಉತ್ಪತ್ತಿಯಾದ ಸೋಪ್ನ ಸಂಗ್ರಹವು ವ್ಯಾಪಕವಾಗಿದೆ, ಮತ್ತು ಇದರ ಸಂಯೋಜನೆಯು ವಿಶೇಷ ಬ್ಯಾಕ್ಟೀರಿಯಾದ ಸಂಕೀರ್ಣ, ಗಿಡಮೂಲಿಕೆಗಳ ಸಾರ ಮತ್ತು ತೈಲಗಳು, ಮೃದುತ್ವ, ಗಾಯದ ಗುಣಪಡಿಸುವಿಕೆ ಮತ್ತು ಪ್ರತಿರೋಧಕ ಪದಾರ್ಥಗಳನ್ನು ಒಳಗೊಂಡಿರುತ್ತದೆ."
201,"ಪರಿಣಾಮವಾಗಿ, ಇಡೀ ಗಮ್ ಎಕ್ಲಿಪ್ಸ್ 2008 ರಲ್ಲಿ, ಅದರ ಸಂಯೋಜನೆಯಲ್ಲಿ ಮಾಗ್ನೊಲಿಯ ತೊಗಟೆಯ ಸಾರ ಹೊಂದಿದೆ."
202,"ಹಿರಿಯ ಪರ್ತಕರ್ತ ವೀಠ್ಠಪ್ಪ ಗೋರಂಟ್ಲಿ ಮಾತನಾಡಿ, ಆಸೆ ಎಂಬ ದೀಪ ಹೊತ್ತಿ ಉರಿಯುತ್ತಿದೆ ಅದಕ್ಕೆ ಪೂರಕವೆಂಬಂತೆ ಸಾಹಿತಿಗಳ ಚಿಂತನೆ ಹಾಗೂ ಅವರ ಬರಹಗಳ ಬಗ್ಗೆ ಬೆಳಕು ಚೆಲ್ಲುವುದು ಅವಶ್ಯವೆಂದು ಹೇಳುತ್ತಾ, ಏನಾದರೂ ಆಗು ಮೊದಲು ಮಾನವನಾಗು ಎಂಬ ಕವಿತೆಯ ಸಾರ ವಿಶ್ವ ಮಾನವ ಸಂದೇಶಕ್ಕೆ ಸಾಟಿ ಎಂದರು."
203,ದ್ರಾಕ್ಷಿ ಬೀಜ ಸಾರ ದ್ರಾಕ್ಷಿ ಬೀಜದ ಸಾರದಿಂದ ಗೊಂದಲ ಮಾಡಬಾರದು.
204,"ದೀರ್ಘಕಾಲದ ಲಿಂಫೋಸಿಟಿಕ್ ಲ್ಯುಕೇಮಿಯಾ ರೋಗಿಗಳಲ್ಲಿ ಉಸಿರಾಟದ ಸೋಂಕನ್ನು ಕಡಿಮೆ ಮಾಡಲು ಪ್ಯಾನಾಕ್ಸ್ ಕ್ವಿನ್ಕ್ಫೋಲಿಯಸ್ ಸಾರ (CVT-E002) ಯ ಯಾದೃಚ್ಛಿಕ, ನಿಯಂತ್ರಿತ ಪ್ರಯೋಗ."
205,ಈ ನಿಟ್ಟಿನಲ್ಲಿ ಆಲೋಚಿಸಿದಾಗ ನಮ್ಮನಾಡಿನ ನೆಲ(ತಳ)ಮೂಲ ಸಾಹಿತ್ಯವೇ ವಚನ ಸಾಹಿತ್ಯದ ಸಾರ ಮತ್ತು ಸಾಂಸ್ಕೃತಿಕ ಆಸ್ತಿ.
206,"ಅರ್ದಿಯು ತುಡುಕ್ಕಾ (ಸಂಗೀರ vi ೯೮೯-೯೯೧) ಎಂಬ ವಾದ್ಯ ಪ್ರಬಂಧದ ಪರ‍್ಯಾಯ ನಾಮ, ಅರ್ದೀ ತುಡುಕ ಪರ‍್ಯಾಯೋ ನೃತ್ಯಜ್ಞೈಃ ಕಥಿತೋ ಯತಃ (ಶೌರೀಂದ್ರ ಮೋಹನ ಠಾಕೂರ್, ಸಂಗೀತ ಸಾರ ಸಂಗ್ರಹ, ……………… ಪು."
207,ಇದು ಉತ್ತಮ ಅವನನ್ನು ಪರಿಚಯ ಪ್ರಾರಂಭಿಸುತ್ತಿವೆ ಯಾರು ಬೋಧನೆಗಳು ಸಾರ ತಿಳಿಯಲು ಸಹಾಯ ಮಾಡುತ್ತದೆ.
208,ಸ್ನಾತಕೋತ್ತರ ಮಹಿಳಾ ಅಧ್ಯಯನದ ಕೋರ್ಸುಗಳ ಬಗ್ಗೆ ತಮ್ಮ ಬದ್ಧತೆಯನ್ನು ಸಾರ ಹೊರಟಿರುವ ವಿಶ್ವವಿದ್ಯಾನಿಲಯಗಳು ಮೊದಲು ಸಂಬಂಧಪಟ್ಟ ಸಂಸ್ಥೆಗಳ ಮೇಲೆ ಒತ್ತಡ ತಂದು ಈ ವಿಷಯವನ್ನು ಕೆಸೆಟ್ ಪರೀಕ್ಷೆಗಳಲ್ಲಿ ಸೇರಿಸಲಿ.
209,ಇದರ ಸಾರ ಮುಟ್ಟಿನ ಅಂಗಾಂಶ ಪ್ರವೇಶಿಸಿದಾಗ ಎಂದು ವಾಸ್ತವವಾಗಿ ಇರುತ್ತದೆ fallopian ಟ್ಯೂಬ್ಗಳು ಮತ್ತು ಶ್ರೋಣಿ ಕುಹರದ ಪ್ರದೇಶಕ್ಕೆ.
210,ಆ ಸಾರ ತಿಳಿಯಲು ಮಗು ಡ್ರಾ?
211,ಜಾರ್ಜಿಯಾ ಅಟ್ಲಾಂಟದ ಎಮೋರಿ ವಿಶ್ವ ವಿದ್ಯಾಲಯದ ವಿದ್ಯಾರ್ಥಿನಿ ಸಾರ ವೆಲ್ಹನ್ ಕುರ್ಟಿಸ್ ತನ್ನ ಪಿ.
212,ಇದರ ಸಾರ ಪಾತ್ರಗಳ ಒಂದು ರೀತಿಯ ಬಳಸಿಕೊಂಡು ಧ್ವನಿಮುದ್ರಣ ಒಳಗೊಂಡಿದೆ.
213,"ಯಾವಾಗಲೂ ನಾವು ನಮ್ಮಲ್ಲಿ ಈಗಿನಿಂದಲೇ ಗುರುತಿಸಲು ಸಾಧ್ಯವಿಲ್ಲ ಒಂದು ಕಾರಣ ತನ್ನ ನಿಜವಾದ ಸಾರ ಸಾಮಾನ್ಯವಾಗಿ ಗಂಭೀರವಾಗಿದೆ, ಮತ್ತು."
214,"ಕೇವಲ ಮೂರು ಜೀವಸತ್ವಗಳು, ಸತು, ರಾಗಿ ಸಾರ ಮತ್ತು ಗೋಧಿ ಮೊಳಕೆಯ ತೈಲ, ಮತ್ತು ಸಂಯೋಜನೆ ಬರಿದುಮಾಡಲ್ಪಟ್ಟಿದೆ."
215,ಇದರ ಸಾರ ಊಹೆ ತತ್ವಶಾಸ್ತ್ರ ಪುರಾಣ ಮೈಲಿಗಲ್ಲು ಎಂದು ವಾಸ್ತವವಾಗಿ ಇರುತ್ತದೆ.
216,"ಇದರ ಸಾರ ಎರಡು ಆಜ್ಞೆಗಳ ಒಂದು (ಕೇವಲ ಇದು ಸಂಘರ್ಷದ ತಂಡಕ್ಕೆ ಸಾಧ್ಯ ಆ ಆಟಗಳು ಘಟನೆಗಳು) ಇತರ ವಸ್ತುಗಳನ್ನು ವೇಷ, ಬೇಟೆಗಾರರು ಮತ್ತು ತಂಡದ ಇತರೆ ಸದಸ್ಯರ ಪಾತ್ರವನ್ನು ಅಡಗಿಕೊಂಡು ಮಾಡಲಾಗುತ್ತದೆ ಪಡೆದಿರುತ್ತದೆ ಎಂದು ವಾಸ್ತವವಾಗಿ ಇರುತ್ತದೆ."
217,"ಡಾರ್ಕ್ ಕಂದು, ಹುರಿದ ಮತ್ತು ಬೆಣ್ಣೆಯೊಂದಿಗೆ ಗರಿಗರಿಯಾಗಿರುತ್ತದೆ ಗಂಜಿ ಫಾರ್ ಸಾರ ಉತ್ತಮ."
218,ರಾಸ್ಪ್ಬೆರಿ ಸಾರ (ಬೀಜ ಸಾರ) - ಚರ್ಮದ ಬಲಪಡಿಸುವ ಜಾಡಿನ ಒಳಗೊಂಡಿರುತ್ತವೆ.
219,"ಸಾರ ಬಳಸಿ, ತುರಿಕೆ ತೆಗೆದುಹಾಕಲು ಸಹಾಯ ಮಾಡುತ್ತದೆ ರಕ್ತ ಮತ್ತು ದುಗ್ಧರಸ ಚಲಾವಣೆಯಲ್ಲಿರುವ ಸುಧಾರಿಸುತ್ತದೆ."
220,"ಈಗ ಮಿಂಟ್ ಸಾರ ವ್ಯಾಪಕವಾಗಿ ಹಾಗೂ ಸೌಂದರ್ಯವರ್ಧಕಗಳು ಮತ್ತು ಅಡುಗೆಯಲ್ಲಿ, ಟೂತ್ಪೇಸ್ಟ್ ಅಥವಾ ಚೂಯಿಂಗ್ ಗಮ್ ಬಳಸಲಾಗುತ್ತದೆ."
221,"ಜನಪದ ಸಾರ ಸೂಸುವ ಸೋಜುಗದ ಸೂಜು ಮಲ್ಲಿಗೆ, ತಪ್ಪದೇ ಪಾಲ್ಗೊಳ್ಳಿ"
222,"ಅದರ ವಿಷಯಗಳನ್ನು ನೋಡಬೇಡಿ, ಅದರ ಸಾರ ತಿಳಿಯಲು."
223,ಇಂಥ ಪರಿಪಾಠಗಳನ್ನು ಸಾರ - ಸಿದ್ಧಾಂತ ಮಾನವ ದೇಹದ ಸ್ವತಂತ್ರವಾಗಿ ಪರಿಣಾಮಕಾರಿಯಾಗಿ ಕಾರ್ಯನಿರ್ವಹಿಸಲು ನಿರ್ವಹಣೆಗೆ ಅಗತ್ಯವಿರುವ ಪದಾರ್ಥಗಳನ್ನು ಉತ್ಪಾದಿಸಲು ಸಾಧ್ಯವಾಗುತ್ತದೆ ಎಂದು.
224,ಇದೇ ಪರಿಣಾಮ ಔಷಧೀಯ ಕಂಪನಿಗಳು ನಿರ್ಮಾಣದ ಗಿಡ ಸಾರ ಹೊಂದಿದೆ.
225,ಆದರೆ ಅವರು ಪ್ರತಿನಿಧಿಸುವ ಜೈನ ಧರ್ಮದ ಮೂಲಾಧಾರ ಮತ್ತು ಸಾರ ಹಿಂದೂ ಧರ್ಮದ್ದೇ ಆಗಿದೆ.
226,ಸರ್ವಧರ್ಮಗಳ ಸಾರ ಒಂದೇ ಎಂಬುದನ್ನು ಯುವ ಜನತೆ ಅರಿಯಬೇಕು ಎಂದರು.
227,"ಒಂದೊಂದ ದಿವಸ ಕರೆಕ್ಟ ಮಧ್ಯಾಹ್ನ ಊಟದ ಟೈಮ ಒಳಗ ಬಂದ ಅಯ್ಯ, ಒಂದ ಅರ್ಧಾ ವಾಟಗಾ ಸಾರ ಇದ್ದರ ಕೊಡ್ವಾ, ನಮ್ಮ ಮನಿಯವರದ ಇಷ್ಟ ಊಟ ಇವತ್ತ, ನಂಬದೇಲ್ಲಾ ಏಕಾದಶಿ ಹಿಂಗಾಗಿ ಬ್ಯಾಳಿ ಬೇಯಸಲಿಕ್ಕೆ ಹೋಗಲಿಲ್ಲಾ ಅಂತ ಸಾರ ಇಸ್ಗೊಂಡ ಹೋಗೊಕಿ."
228,"ಇದರ ಸಾರ ಹಾನಿಗೊಳಗಾದ ಚರ್ಮದ ಮೇಲಿನ ಪದರದ ತೆಗೆದು, ಆಮ್ಲ ಅಳವಡಿಕೆ ಒಳಗೊಂಡಿದೆ."
229,ಇದರ ಸಾರ ಆಹಾರದ ಅವರೊಂದಿಗೆ ಹೊಂದಾಣಿಕೆಯ ಸೇರಿಕೊಳ್ಳಬಹುದು ಮೂಲಭೂತ ಉತ್ಪನ್ನವನ್ನು ಅನುಮತಿ ನೀಡಲಾಗಿದೆ ಎಂದು ವಾಸ್ತವವಾಗಿ ಇರುತ್ತದೆ.
230,"ಮಾಂಸ, ರೋಸ್ಮರಿ ಸಾರ (ನೈಸರ್ಗಿಕ ಉತ್ಕರ್ಷಣ ನಿರೋಧಕ), ವಿಟಮಿನ್ ಇ: ಆಹಾರ ನೀವು ಎಲ್ಲವನ್ನೂ ಹೊಂದಿದೆ"
231,"ಪ್ರ :ಪತ್ರದ ಸಾರ ಓದಿ ಅರ್ಥ ಮಾಡಿಕೊಳ್ಳದ ಹೊರತೂ, ಗುದ್ದಲಿ ಗುರ್ತು ಹಾಕೋದೂ ಒಂದೆ ಹೆಬ್ಬೆಟ್ಟು ಒತ್ತೋದೂ ಒಂದೆ – ಏನೇನೂ ವ್ಯತ್ಯಾಸವಿಲ್ಲ"
232,"ಇದರ ಸಾರ ಮೆದುಳಿನ ರಚನೆಗಳ ಈ ಪ್ರದೇಶದಲ್ಲಿ ತಲೆಬುರುಡೆಯ ಹಿಂಭಾಗದ, ಡಿಚ್, ಮತ್ತು ಇತರರು ಗಾತ್ರ ನಡುವಿನ ಭಿನ್ನತೆ ಇರುತ್ತದೆ."
233,ಆ ಪತ್ರದ ಸಂಕ್ಷಿಪ್ತ ಸಾರ ಇಲ್ಲಿದೆ:
234,ರಲ್ಲಿ ಸಂಶೋಧನೆ ಆಧಾರದ ಮೇಲೆ ಆ ಸಿಂಪಿ ಸಾರ ಸ್ತನ ಮತ್ತು ಕೊಲೊನ್ ಕ್ಯಾನ್ಸರ್ ರಕ್ಷಿಸುತ್ತದೆ ಕಂಡುಬಂತು.
235,"ಇಂಟರ್ನ್ಯಾಷನಲ್ ಜರ್ನಲ್ ಆಫ್ ಫುಡ್ ಸೈನ್ಸಸ್ ಮತ್ತು ನ್ಯೂಟ್ರಿಷನ್ ನಲ್ಲಿ 2013 ರಲ್ಲಿ ಪ್ರಕಟವಾದ ಅಧ್ಯಯನದಲ್ಲಿ, 92 ಅತಿ ಹೆಚ್ಚಿನ ಜನರಿಗೆ ಸ್ವಲ್ಪಮಟ್ಟಿನ ಎತ್ತರದ ಕೊಲೆಸ್ಟ್ರಾಲ್ ಅನ್ನು ಎಂಟನೇ ವಾರಗಳವರೆಗೆ ಆರ್ಟಿಚೋಕ್ ಎಲೆಯ ಸಾರ ಅಥವಾ ಪ್ಲಸೀಬೊಗೆ ನೀಡಲಾಗುತ್ತದೆ."
236,"ಧರ್ಮಗಳ ನಿಜವಾದ ಸಾರ ಪ್ರೀತಿ, ಸೌಹಾರ್ದತೆ, ಪರಲೋಕ ವಿಜಯ, ಮೋಕ್ಷ ಆಗಿರುತ್ತದೆ."
237,ಹಳೆ ಬೆಳ್ಳುಳ್ಳಿ ಸಾರ ಮತ್ತು ನಿಯಮಿತವಾಗಿ ವ್ಯಾಯಾಮ ಮಾಡುವುದರಿಂದ ಹೃದಯ ಸಂಬಂಧಿ ಕಾಯಿಲೆಗಳು ಮತ್ತು ಋತುಬಂಧದ ಬಳಿಕ ಮಹಿಳೆಯರಲ್ಲಿ ಕಾಣಿಸಿಕೊಳ್ಳುವ ಕಾಯಿಲೆಗಳನ್ನು ನಿವಾರಿಸುವುದು ಎಂದು ನ್ಯೂಟ್ರಿಷನ್ ರಿಸರ್ಚ್ ಆ್ಯಂಡ್ ಪ್ರಾಕ್ಟೀಸ್ ನಲ್ಲಿ ಪ್ರಕಟಗೊಂಡಿರುವ ಅಧ್ಯಯನ ವರದಿಯು ಹೇಳಿದೆ.
238,ಅದರ ಸಾರ ನೀವು ಹೆಚ್ಚಿನ ಕೊಬ್ಬಿನಾಂಶವನ್ನು ಹೊಂದಿರುವ ಆಹಾರಗಳು ತಿನ್ನಲು ಅಗತ್ಯವಿರುವ ವಾಸ್ತವವಾಗಿ ಇರುತ್ತದೆ.
239,ಈ ಉಪಕರಣವು ಒಂದು ಸಸ್ಯ ಮೂಲದ (ರಸ ಸಾರ ಮತ್ತು ಯುರೋಪಿಯನ್ cyclamen ಒಳಗೊಂಡಿದೆ) ಹೊಂದಿದೆ.
240,"ಇದರ ಸಾರ ನಾಯಕ ಬೀದಿಯಲ್ಲಿ ಒಂದು ಬೂಮ್ ಬಾಕ್ಸ್ ತೆರಳಿದರು ಮತ್ತು ಅವುಗಳನ್ನು ನೃತ್ಯ ಮಾಡುವ, ಸಂಗೀತ ಜನರನ್ನು ಹಾರಿಸಿದಾಗ ಇದೆ ಎಂಬುದು."
241,"ಆದಾಗ್ಯೂ, ಇದು ಪ್ರತ್ಯೇಕವಾಗಿ ತಯಾರು ಸಾರ ಬೆಳ್ಳುಳ್ಳಿ ಸಾಸ್ ಅಪೇಕ್ಷಣೀಯ."
242,ಮಕ್ಕಳು ಮತ್ತು ಪೋಷಕರು ಒಟ್ಟಿಗೆ ಕುಳಿತು ನೋಡುವಂತಹ ಯಾವುದೇ ಮುಜುಗರ ಪಡದಂತಹ ಚಿತ್ರ ಎಂಬುದಕ್ಕೆ ಚಿತ್ರದೊಳಗಿನ ಸಾರ ಸಾಕ್ಷಿ - ಉದಯವಾಣಿ
243,"ಬದಲು ಅನೇಕ ಶತಮಾನಗಳಲ್ಲಿನ ಜೀವನವು ನಡೆದು ಬಂದುದರ ಪರಿಣಾಮ; ಫಲ, ಜನರ ಊಟ, ಪಾಠ, ಉಡುಗೆ, ತೊಡುಗೆ, ನಂಬಿಕೆ, ತತ್ವಜ್ಞಾನ ಇವೆಲ್ಲ ಅವರು ಪಟ್ಟ ಬದುಕಿನ ಸಾರ ಸರ್ವಸ್ವವಾಗುತ್ತದೆ (ಮಲ್ಯ, ೧೯೯೪, ಸಂ."
244,"ಸಿರಪ್ ಲೈಕೋರೈಸ್, ಅದರ ಸಂಯೋಜನೆಯನ್ನು ವಿವರಿಸುವ ಸೂಚನಾ ಕೈಪಿಡಿ ಈ ಸಸ್ಯದ ಪಡೆದ ಸಾರ ಒಳಗೊಂಡಿದೆ."
245,ಮತ್ತು ಕಣ್ಣಿನ ರೋಗಗಳ ಚಿಕಿತ್ಸೆಯಲ್ಲಿ ಹನಿಗಳಲ್ಲಿ ಒಂದು ಸಾರ ಇರುತ್ತದೆ.
246,ಆ ದಿನ ಮನೆಯ ಹಿರಿಯರ ಆರ್ಶೀವಾದ ದೊರೆಯುತ್ತದೆ ಎಂದು ಹಬ್ಬದ ಸಾರ ಹೇಳುತ್ತಾರೆ ನಟಿ ನೇಹಾ ಪಾಟೀಲ್‌.
247,"ಇದರ ಸಾರ ವಿವಿಧ ರಚನೆಗಳು ಪ್ರತ್ಯೇಕ ಚೂರುಗಳಿಗೆ ಸಂಗ್ರಹಿಸಿದ ಗುರಿಯನ್ನು Preschoolers ಆಫ್ ವೈಯಕ್ತಿಕ ಅಥವಾ ಸಾಮೂಹಿಕ ಚಟುವಟಿಕೆಗಳು, ಕೆಲವು ಜಾಗವನ್ನು ನಿಯೋಜಿಸಿ ಮಾಡುವುದು."
248,ಇದು ಅಲೋ ವೆರಾ ಸಾರ ಮತ್ತು ಲೈ ಪ್ರಕ್ರಿಯೆಯಲ್ಲಿ ಜೆಲ್ ಶಾಂತ ಕ್ರಮ ಖಾತ್ರಿಗೊಳಿಸುವ ಹೊಂದಿದೆ.
249,ಇದರ ಸಾರ ಅದರ ಸಂಭವಿಸುವಿಕೆಯ 72 ಗಂಟೆಗಳ ಒಳಗೆ ಯಾವುದೇ ಮೂಲಕ ತನ್ನ ಕಲ್ಪನೆಯನ್ನು ಅರ್ಥ ಆಗಿದೆ.
250,"ಹಾಗಾಗಿ, ಶ್ವಾಸನಾಳದ ಸೆಡೆತ ನಿವಾರಿಸುವ ಮತ್ತು ಕಫ ಸುಧಾರಿಸಲು ಇದು ಕಡಿಮೆ ಸ್ನಿಗ್ಧತೆಯ ಮಾಡುವ, ಹಸಿರು ಎಲೆಗಳ ಒಂದು ವಣ ಸಾರ ಒಳಗೊಂಡಿದೆ."
251,ಕಲಾತ್ಮಕ ಚಿತ್ರಗಳನ್ನು ಬರಹಗಾರರು-ವಾಸ್ತವವಾದಿಗಳ ಜೀವನದ ಸಾರ ತೋರಿಸಲು ಪ್ರಯತ್ನಿಸಿದ್ದಾರೆ.
252,ಟೀಸ್ಪೂನ್ ವೆನಿಲ್ಲಾ ಸಾರ (ಪರಿಮಳಕ್ಕಾಗಿ)
253,ತಂತ್ರಜ್ಞಾನದ ಸಾರ ಚರ್ಮದ ಮೃದುಗೊಳಿಸುವಿಕೆಯಾಗಿದೆ.
254,ಅಲ್ಪಾವಧಿಯ ಬ್ಲ್ಯಾಕ್ರರಾಂಟ್ ಸಾರ ಬಳಕೆ ವ್ಯಾಯಾಮ-ಪ್ರೇರಿತ ಆಕ್ಸಿಡೇಟಿವ್ ಒತ್ತಡ ಮತ್ತು ಲಿಪೊಪೊಲಿಸ್ಯಾಕರೈಡ್-ಪ್ರೇರಿತ ಉರಿಯೂತ ಪ್ರತಿಕ್ರಿಯೆಗಳನ್ನು ಮಾಡ್ಯೂಲ್ ಮಾಡುತ್ತದೆ.
255,ಈ ಸಾರ ಪ್ರಮುಖ ಅಂಶವಾಗಿದೆ ಮತ್ತು ಸುಮಾರು 80% ಇರಬೇಕು.
256,"ಹುಟುವಾಗ ಅಣ್ಣ ತಮ್ಮಂದಿರು ಬೆಳೆಯುವಾಗ ದಾಯಾದಿಗಳು, ಎಂಬ ನಿತಿ ಸಾರ ಕತೆಯಲ್ಲಿದೆ."
257,ಮಾರಯ್ವಂದದು ಸಂಸಾರ ಸಾರ
258,ಇದರ ಬಹುಮುಖ್ಯವಾಗಿದೆ ಕಹಿ ಮಾಚಿಪತ್ರೆ ಸಾರ ಕಾರ್ಯನಿರ್ವಹಿಸುತ್ತದೆ.
259,: ಸುಡು ನಿನ್ನ ಸಾರ ಸರ್ವಸ್ವ !
260,"ಮಾತ್ರ ಸ್ವತಂತ್ರ ಉಳಿದ ಮೂಲಕ ವ್ಯಕ್ತಿಯ ನಿಜವಾಗಿಯೂ ಬಹುಮುಖಿ, ಅದರ ಸಾರ ಬಹಿರಂಗ ಅನನ್ಯ ಆಗಲು ಸಾಧ್ಯವಾಗುತ್ತದೆ."
261,ಹಿರಿಯ ಪಾತಕವನ್ನು ಹತ್ತಿಕ್ಕಲ್ಲು ಚಿಕ್ಕ ಪಾತಕ ತಪ್ಪಲ್ಲ ಎನ್ನುವುದು ವಿರಾಟ ಸ್ವರೂಪ ದರ್ಶನ ನೀಡಿ ಅರ್ಜುನನಿಗೆ ಭಗವತ್ ಗೀತ ಸಾರ ತಿಳಿಸಿದ ಕೃಷ್ಣನ ಮಾತು ಇಂತಹ ಹಲವಾರು ದೈವೀ ಅಕೃತ್ಯಗಳಿಗೆ ಸ್ಪಷ್ಟನೆ ನೀಡುತ್ತದೆ.
262,"ಒಂದು ಅಧ್ಯಯನದಲ್ಲಿ, ಮಧ್ಯಮದಿಂದ ತೀವ್ರವಾದ ಪ್ರೀ ಮೆನ್ಸ್ಟ್ರುವಲ್ ಸಿಂಡ್ರೋಮ್ ಇರುವ ಮಹಿಳೆಯರಿಗೆ ವಿಟೆಕ್ಸ್ ಅಗ್ನಸ್ ಕ್ಯಾಸ್ಟಸ್ ಸಾರ ಅಥವಾ ಮೂರು ಋತುಚಕ್ರದ ಚಕ್ರಗಳಿಗೆ ಪ್ಲಸೀಬೋ ಚಿಕಿತ್ಸೆ ನೀಡಲಾಗುತ್ತದೆ."
263,ಹೀಗೆ ಕೃಷ್ಣನಿಗೆ ಸಂಬಂಧಿಸಿದ ಪ್ರಶ್ನೆಗಳೇ ವೇದ ವಿಚಾರಗಳ ಸಾರ ಸವ೯ಸ್ವವಾಗಿವೆ.
264,ನೀವು ಆಲಿವ್ ಎಲೆಯ ಸಾರ ಪೂರಕಗಳನ್ನು ವೈದ್ಯರು ನಿರ್ದೇಶಿಸಿದಂತೆ ತೆಗೆದುಕೊಳ್ಳಬಹುದು.
265,ಆದರೆ ಅದರ ಸಾರ ಹಿಂದಿನ ಸಂದರ್ಭಗಳಲ್ಲಿ ಒಂದೇ: ಏನೋ ಹೊರಗಿನಿಂದ ನಮಗೆ ತಂದ ಇದೆ.
266,ಅದೇ ಅದೃಷ್ಟ ಪೈನ್ಆಪಲ್ ಸಾರ ಬೀಫ್ಲ್ - ಬ್ರೊಮೆಲಿನ್.
267,ಇಂತಹ ವೇಳೆಗೆ ಸಹಪಾಟಿ ಹುಡುಗರು ಧೈರ್ಯ ತುಂಬಿ ಸಾರ ದಾಟಿಸಿದ್ದರು!
268,ಅದರ ಸಾರ ಇಷ್ಟೇ:
269,ಬಲ ಬಟನ್ ಅಥವಾ ಸರಳವಾಗಿ ಡೆಸ್ಕ್ಟಾಪ್ ಮೇಲೆ ಥಂಬ್ನೇಲ್ ಪುಟ ಎಳೆಯಿರಿ - ಸಾರ ಒಂದೇ.
270,ಅಧ್ಯಯನದ ಸಾರ ಅಯೋಡಿನ್ ಮತ್ತು ಮೂತ್ರ ನಡುವೆಯೂ ಸಂಭವಿಸುತ್ತದೆ ಕ್ರಿಯೆಗಳು ಮೇಲ್ವಿಚಾರಣೆ ಮಾಡುವುದು.
271,"ಶಾಂತಿ ಎರಡನೇ ದೊಡ್ಡ ಧರ್ಮವಾಗಿ, ಇಸ್ಲಾಂ ಧರ್ಮ ಅಂತಿಮವಾಗಿ ಅನೇಕ ಪಂಥಗಳು ಪ್ರವೃತ್ತಿಗಳು ಮತ್ತು ಧರ್ಮದ ಸಾರ ವೀಕ್ಷಣೆಗಳು ನೀಡಿದೆ."
272,"ಕೈ ಉಗುರುಗಳು, ಸ್ತ್ರೀಲಿಂಗ ಕೋಮಲ ಮತ್ತು ಸಾರ ಎಂದು, ಮತ್ತು ಹದ್ದಿನ ಉಗುರುಗಳು ಇಷ್ಟವಿಲ್ಲ."
273,ಇದರ ಸಾರ ಕುದಿಯುವ ಕೆಳಗೆ 1942 ರಲ್ಲಿ ಸ್ಮಾರಕ ಪ್ರದೇಶವನ್ನು ನಾಜಿಗಳು ಹೆಚ್ಚು 27 ಸಾವಿರ ನಾಗರಿಕ ಕೊಲ್ಲಲ್ಪಟ್ಟು ಇದಕ್ಕೆ ರಾಸ್ಟೊವ್ ಜನಸಂಖ್ಯೆ ಮತ್ತು ರೆಡ್ ಆರ್ಮಿ.
274,ಉತ್ತರ ಪ್ರದೇಶದ ಕಾನ್ಪುರದ ಮುಸ್ಲಿಂ ಮಹಿಳೆಯೊಬ್ಬರು ಹಿಂದುಗಳ ಮಹಾಗ್ರಂಥವಾದ ರಾಮಾಯಣದ ಉನ್ನತ ನೀತಿಯನ್ನು ಮುಸ್ಲಿಮರಿಗೆ ಅರ್ಥಮಾಡಿಸುವ ಸಲುವಾಗಿ ಉರ್ದುವಿನಲ್ಲಿ ರಾಮಾಯಣ ಬರೆಯುವ ಮೂಲಕ ಮರ್ಯಾದೆ ಪುರುಷೋತ್ತಮ ರಾಮನ ತತ್ವಗಳನ್ನು ತನ್ನ ಸಮುದಾಯಕ್ಕೂ ಸಾರ ಹೊರಟಿದ್ದಾರೆ!
275,"ನೇಮಿಚಂದ್ರರು ದ್ರವ್ಯ ಸಂಗ್ರಹ, ತ್ರಿಲೋಕ ಸಾರ ಮುಂತಾದ ಕೃತಿಗಳನ್ನು ರಚಿಸಿದ್ದಾರೆ."
276,"ಇದನ್ನು ಮಾಡಲು, ನಾವು ಒಂದು ವಿಶೇಷ ಸಾರ ತಯಾರಿಸಲಾಗುತ್ತದೆ."
277,ಸಂಯೋಜನೆ ಕಾಡು ಚೆಸ್ಟ್ನಟ್ ಸಾರ ಹೊಂದಿದೆ.
278,: ನಿತ್ಯ ಜೀವನದ ಸಾರ ಹಿಡಿದಿಡುವ ಮತ್ತು ಮನುಜರ ನಡತೆಯ ಕುರಿತು 22 ಪ್ರಬುದ್ಧ ಪ್ರಬಂಧಗಳ ಸಂಕಲನ ಕಾಫಿ ಬ್ರೇಕ್ ಸೆಪ್ಟೆಂಬರ್ 22ರಂದು ಬೆಂಗಳೂರಿನಲ್ಲಿ ಜಯನಗರ 7ನೇ ಬ್ಲಾಕ್ ನಲ್ಲಿರುವ ನ್ಯಾಷನಲ್ ಕಾಲೇಜಿನ ಬಿ.
279,ಹಾಗಾಗಿ ವಚನಗಳನ್ನು ತೋರಿಕೆಯೇ ಓದದೇ ಅದರ ಸಾರ ತಿಳಿಯಲಿಕ್ಕಾಗಿ ಓದುವ ಮೂಲಕ ಉತ್ತಮ ಬದುಕು ಕಟ್ಟಿಕೊಳ್ಳುವುದು ಅಗತ್ಯ ಎಂದರು.
280,"ನಿಮಗೆ ಅಮೂಲ್ಯ ಎನಿಸಿದ್ದನ್ನು ತ್ಯಾಗ ಮಾಡುವಂತಿರಬೇಕು ಎಂಬುದೇ ಇದರ ಮುಖ್ಯ ಸಾರ ಈ ಹಬ್ಬದ ಮುಖ್ಯವಾದ ಅಂಶವೆಂದರೆ ಸುಮಾರು ಸಾವಿರದ ನಾನೂರು ವರ್ಷಗಳ ಹಿಂದೆ ಪ್ರವಾದಿ ಇಬ್ರಾಹೀಮರು ತಮಗೆ ಅತ್ಯಂತ ಪ್ರೀತಿ ಪಾತ್ರರಾದ ಮಗ, ಇಸ್ಮಾಯೀಲ್ ರನ್ನೂ ದೇವರಿಗಾಗಿ ತ್ಯಾಗ ಮಾಡಲು ಸಿದ್ಧರಿದ್ದರು ಎಂಬುದೇ ಆಗಿದೆ."
281,"ಚೀಸ್, ಟೊಮೆಟೊ ಮತ್ತು ತುಳಸಿ ಜೊತೆಗೆ ಒಲೆಯಲ್ಲಿ ಚಿಕನ್ ಸ್ತನ, ಟೇಸ್ಟಿ ಸಾರ ಮತ್ತು ಕಡಿಮೆ ಕ್ಯಾಲೋರಿ ತಿರುಗಿದರೆ."
282,ಮೈನಿಂಗ್ ಖನಿಜಗಳು ಇದು ಪುಡಿ ಬಂಡೆಗಳು ಇಡೀ ತುಣುಕುಗಳನ್ನು ಪ್ರಕ್ರಿಯೆಗೊಳಿಸುವಾಗ ಮೂಲಕ ಸಾರ ತೆಗೆಯಲಾಗುತ್ತದೆ.
283,"ಸಸ್ಯದ ಸಾರ ತೈಲದ ಸಕ್ರಿಯವಾಗಿ ನಂತರದ ಹೊಳಪನ್ನು ಮತ್ತು ಬಲವನ್ನು ಅನುಮತಿಸುವ ಕೂದಲು ಮುಖವಾಡಗಳನ್ನು, ಪಾಕವಿಧಾನಗಳ ಬಳಸಲಾಗುತ್ತದೆ."
284,ಮಡ್ಯದ ಶುಗರ್ ಟೌನ್ ನಿವಾಸಿ ಅಬ್ದುಲ್ ಇಲಿಯಾಸ್ ಪುತ್ರಿ ಬಿಬಿ ಸಾರ ಇವರು ಮಂಡ್ಯಾದ ಪಿಇಎಸ್ ಕಾಲೇಜಿನಲ್ಲಿ ಎಂಬಿಎ ವ್ಯಾಸಾಂಗ ಮಾಡುತ್ತಿದ್ದಾರೆ.
285,ವಿಕ್ರಮ್ ಸಾರ ಭಾಯಿ ಮತ್ತು ಕಲಾಂರವರು ಸೇರಿ ಇಸ್ರೊ ಸಂಸ್ಥೆಯನ್ನು ತುಂಬಾ ಅಭಿವೃದ್ಧಿ ಮಾಡುತ್ತಾರೆ.
286,ಈಗಂತೂ ಸಾರ ಸತ್ವವಿಲ್ಲದ ತಳಿಗಳೇ ಆದ್ಯತೆ ಪಡೆದಿವೆ.
287,ಹಣ್ಣು ಬಿಡುವ ಕಾಲ ಬಂದಾಗಲಷ್ಟೇ ಮರದಲ್ಲಿ ಹಣ್ಣು ದೊರೆಯುವುದು ಎನ್ನುವ ಹಾಡಿನ ಸಾರ ನನಗೆ ಬದುಕಿನ ಸತ್ಯವನ್ನು ಕಾಣಿಸಿತು.
288,"ಮೈಸೂರು: ಭೂಮಿಯ ಸಾರ ನಾಶ, ಬೆಳೆಗಾರರಲ್ಲಿ, ಕಾರ್ಮಿಕರಲ್ಲಿ ವಿವಿಧ ಚರ್ಮ ರೋಗ ಸೃಷ್ಟಿಸಿರುವ ಬಿಟಿ ಹತ್ತಿ ರೈತರಲ್ಲಿ ಸಂಕಷ್ಟ ಸೃಷ್ಟಿಸಿದೆ."
289,"ಆದಾಗ್ಯೂ, ಇದರ ಏನು ತಮ್ಮನ್ನು ಸಹಾಯ ಮಕ್ಕಳ ಸಾಮರ್ಥ್ಯವನ್ನು ಹೊಂದಿದೆ ಪ್ರಕ್ರಿಯೆಯ ಸಾರ ಪ್ರತಿಬಿಂಬಿಸುತ್ತವೆ ಮಾಡಬಹುದು."
290,ಈ ಸರದಿ ಅದಮಾರು ಮಠಕ್ಕೆ ಸಲ್ಲುತ್ತಿರುವ ಹಿನ್ನೆಲೆಯಲ್ಲಿ ಹಿರಿಯ ಶ್ರೀಪಾದರಾದ ಶ್ರೀ ವಿಶ್ವಪ್ರಿಯತೀರ್ಥರು ಉದಯವಾಣಿ ಜತೆ ನಡೆಸಿದ ಮಾತುಕತೆಯ ಸಾರ ಇಲ್ಲಿದೆ.
291,"ಬಳಕೆಯ ವಸ್ತುಗಳಿಂದ ಮಾಡಲು, ಹಲವಾರು ಅಧ್ಯಯನಗಳು, ಆಫ್ರಿಕನ್ ಮಾವಿನ ಸಾರ ಅದರಲ್ಲಿ ಪಡೆದ ಸಾಧನವಾಗಿ, 70 ದಿನಗಳಲ್ಲಿ, ತೂಕ ಜನರಿಗೆ ನಡೆಸಿದ."
292,ಅವರು ಮೂಲತಃ ಕುದುರೆ ಚೆಸ್ಟ್ನಟ್ ಬೀಜ ಸಾರ ಮತ್ತು ತೈಅಮಿನ್ ವಿಶೇಷ ಸಂಕೀರ್ಣ ಹೊಂದಿದೆ.
293,ಕೊರಿಯನ್ ಸಂಘರ್ಷದ ಸಾರ .
294,"ಜರ್ಮನ್ ಆರೋಗ್ಯಾಧಿಕಾರಿಗಳನ್ನು ಇದು ಕೋಕಾ ಎಲೆಗಳು ಸಾರ ಬಳಸುವ ತಯಾರಿಕೆಯಲ್ಲಿ, ಸುವಾಸನೆ ಬಳಕೆ ಕಾರಣ ಪಾನೀಯ, ಕಂಡುಬರುವ ಕೊಕೇನ್ ಕುರುಹುಗಳನ್ನು ಹೊಂದಿತ್ತು."
295,ಕೋಣದ ಸಾರ ಹಾಕುವ ಸ್ಥಳಗಳಲ್ಲಿ ಹೆಚ್ಚಿನ ಪೊಲೀಸ್ ವ್ಯವಸ್ಥೆಯನ್ನು ಮಾಡಬೇಕು ಎಂದು ತಿಳಿಸಿದರು.
296,ಕೃಷ್ಣ ಸಂದರ್ಶನದ ಸಾರ
297,"ಇದರ ಸಾರ ಭೂಮಿಯ ಮೇಲೆ ಜೀವನದ ಎಲ್ಲಾ ಜಾತಿಗಳು (ಒಳಗೊಂಡಂತೆ) ಕ್ರಮೇಣ ಅದರ ಪ್ರಸಕ್ತ ರೂಪವನ್ನು ಪಡೆದು, ಬೆಳವಣಿಗೆಯ ಹಾದಿಯಲ್ಲಿ ಕಾಣಿಸಿಕೊಂಡವು ಎಂದು ವಾಸ್ತವವಾಗಿ ಇರುತ್ತದೆ."
298,ಈ ಎಲ್ಲಾ ಅಂಶಗಳನ್ನೊಳಗೊಂಡ ಮೋದಿ ಅವರ ಮನದ ಮಾತುಗಳ ಪೂಣರ್ ಸಾರ ಅವರ ನುಡಿಯಲ್ಲಿಯೇ ಇದೆ.
299,"ಇದರ ಸಾರ ವ್ಯಕ್ತಿ, ತಮ್ಮ ವೈಯಕ್ತಿಕ ಸ್ವಂತಿಕೆಯ ನಿಮಗೇ ಹೆಚ್ಚು ಬೆರೆಯುವ ಮಾರ್ಪಡುತ್ತಿದೆ ವಿಶ್ವಾಸ ಬಹಳಷ್ಟು ಪಡೆಯುತ್ತಿದೆ ಎಂದು ವಾಸ್ತವವಾಗಿ ಇರುತ್ತದೆ."
300,ಇದರ ಸಾರ ಕಪ್ ಕಾಫಿ ಚಿಹ್ನೆಗಳು ವ್ಯಾಖ್ಯಾನದ ನೆಲೆಸಿದೆ.
301,ಮಂಗಳಮುಖಿಯರ ಬಗ್ಗೆ ನಮ್ಮವರು ಮಾಡದ ಸಂಶೋಧನೆಯನ್ನು ಜರ್ಮಿನಿಯ ಸಾರ ಮರ್ಕಾಲೆ ಮಾಡಿದ್ದಾರೆ.
302,ದೀಕ್ಷಿತರು ಕಾಳಾಮುಖ ರಾಜಗುರು ವಾಮಶಕ್ತಿ ಪಂಡಿತ ಎಂಬ ವಿಶ್ವಕರ್ಮ ಸಮಾಜ ದರ್ಶನ – ವಾರ್ಷಿಕ ವಿಶೇಷಾಂಕ ೧೯೯೮ರ ವಿಶೇಷಾಂಕ ಲೇಖನದಲ್ಲಿ ಕಾಳಾಮುಖ ರಾಜ ಗುರುಗಳ ಕುರಿತು ಸಂಶೋಧನ ಲೇಖನ ಸಾರ ಹೀಗಿದೆ.
303,"ಆದರೆ ನಾಗಭೂಷಣ ಸಂಗೀತ ಗುರುವಿನೊಂದಿಗೆ ಸಭ್ಯಳಾದ ಆಕೆಗೆ ಸಂಬಂಧ ಕಲ್ಪಿಸಿ ಶಂಕಿಸುವುದು, ಅವರ ಸಂಸಾರ ಸಾರ ಕಳೆದುಕೊಳ್ಳುವುದು ಎಲ್ಲ ಆಧುನಿಕ ಜಗತ್ತಿನ ಲೋಪಗಳಿಗೆ ಸಂಕೇತವೆನಿಸುತ್ತದೆ."
304,"ಬಿಜಾಪುರ, 15-ಶರಣರ ವಚನಗಳ ಸಾರ ಜೀವನದಲ್ಲಿ ಅಳವಡಿಸಿಕೊಂಡರೆ ಇಡೀ ಸಮಾಜ ಭಾವೈಕ್ಯತೆಯ ಸಂಗಮವಾಗುತ್ತದೆ ಎಂದು ಜ್ಞಾನ ಯೋಗಾಶ್ರಮದ ಶ್ರೀ ಸಿದ್ದೇಶ್ವರ ಸ್ವಾಮೀಜಿ ಹೇಳಿದರು."
305,"ಉದಾಹರಣೆಗೆ, Turboslim ನೈಟ್, ಪ್ರೀಮಿಯಂ ಗೋಲ್ಡ್ ಚೆಂಡನ್ನು - ಔಷಧ ಗಾರ್ಸೀನಿಯ ಸಾಮರ್ಥ್ಯವಾಗಿದೆ, ವಿಮರ್ಶೆಗಳನ್ನು ಇದು ಬಹುತೇಕ ಭಾಗ, ಅದರ ಪರಿಣಾಮದ ದೃಢಪಡಿಸಿದರು ಜೊತೆಗೆ, ಈ ಸಸ್ಯದ ಸಾರ ಸಂಯೋಜನೆ, ಮತ್ತು ತೂಕ ಇಳಿಸುವುದಕ್ಕೆ ಇತರ ಮಾರ್ಗಗಳ ಸೇರಿಸಲಾಗಿದೆ."
306,ವೆನಿಲ್ಲಾ ಸಾರ - ½ ಟೀಸ್ಪೂನ್.
307,ಇದರ ಸಾರ ತೈಲದ ಸಂತಾನೋತ್ಪತ್ತಿ ಮತ್ತು ಬ್ಯಾಕ್ಟೀರಿಯಾಗಳ ಬೆಳವಣಿಗೆಯನ್ನು ಪ್ರತಿಬಂಧಿಸುತ್ತದೆ.
308,"ಮುಂದೆ ಬಾಟಲ್, ಹೆಚ್ಚು ಪರಿಮಳಯುಕ್ತ ಪಡೆಯಿರಿ ವೆನಿಲ್ಲಾ ಸಾರ ನಿಲ್ಲಲು ಸಾಧ್ಯವಾಗಲಿಲ್ಲ."
309,ಸಾರ ಮಾರಿ: ಇದೊಂದು ವಿಶೇಷ ಸಾಧನ
310,ಆ ದೇಸಿಯ ಸಾರ ಅದರ ಪಡೆನುಡಿ.
311,ಒಂದು ಟ್ಯಾಬ್ಲೆಟ್ ಔಷಧಗಳು ಋಷಿಯ ಸಾರಭೂತ ತೈಲಗಳ 2.
312,ಆ ಲೇಖನದ ಸಾರ ಮತ್ತು ರೂಪಕದಂತಿರುವ ಕೆಲವು ಸಾಲುಗಳನ್ನು ಈ ಮುಂದೆ ನೀಡಿದ್ದೇನೆ.
313,"-ಅತ್ಯುತ್ತಮ ಪೋಷಕ ನಟಿ- ಅಕ್ಷತಾ ಪಾಂಡವಪುರ(ಚಿತ್ರ: ಪಲ್ಲಟ, ಇಪ್ಪತ್ತು ಸಾರ ರೂ."
314,ಸಮಾನತೆ ಎಂಬುದೇ ಎಲ್ಲಾ ಧರ್ಮಗಳ ಸಾರ ಎಂಬುದನ್ನು ತಿಳಿದುಕೊಂಡು ಎಲ್ಲರೂ ಸೌಹಾರ್ಧತೆಯಿಂದ ಬದುಕುವುದನ್ನು ಮೊದಲು ಕಲಿಯಬೇಕು.
315,ಜೀವನಾ­ಮೃತದ ಸಾರ ಇದೆ.
316,ನಿನ್ನ ಆ ಮಲ್ಲಿಗೆಯ ಪಿಸುಮಾತುಗಳು ಭಾವನಾ ಲೋಕದ ಸಾರ ಭಾವನೆಗಳನ್ನು ಒಂದೊಂದಾಗಿ ನನ್ನೆದೆಯೊಳಗೆ ಇಳಿದು ಬಿಡುತ್ತವೆ.
317,"ಹೆಚ್ಚು ಏನು, ಬಿಳಿ ಹುರುಳಿ ಸಾರ ಭಾಗವಹಿಸುವವರು ನೇರ ದೇಹದ ದ್ರವ್ಯರಾಶಿ ನಿರ್ವಹಿಸಲು ಸಹಾಯ ಕಾಣಿಸಿಕೊಂಡರು."
318,ಔಷಧ ಸಂಯೋಜನೆ ಕರು ರಕ್ತದ ಸಾರ ಒಳಗೊಂಡಿದೆ.
319,ಇದರ ಸಾರ ಅತಿಥಿಗಳು ವರ್ಗಾವಣೆ ಸಂಗೀತ ಸರ್ಪ್ರೈಸಸ್ ಪರಸ್ಪರ ಪೆಟ್ಟಿಗೆಗಳಿಗೆ ನೆಲೆಸಿದೆ.
320,ಎರಡು ಬ್ಲೇಡ್ಗಳು ಮತ್ತು skimmers ಅಥವಾ ತಕ್ಷಣ ನೆರವಿನಿಂದ ಪಾನ್ ಬೇಯಿಸಿದ ಕೇಕ್ ಸಾರ ತಣ್ಣೀರಿನಲ್ಲಿ ಒಂದು ಬೌಲ್ ಬಿಟ್ಟುಬಿಡುತ್ತದೆ.
321,"ಓರಾಕಲ್‌, ಸ್ಯಾಪ್‌, ಎಮ್‌ವೇರ್‌ಗಳು ಸಹಾ ಕನಿಷ್ಠ 35 ಸಾರ ರೂ."
322,ಅವರು ರುಚಿಯ ಅಥವಾ ನೈಸರ್ಗಿಕ ವೆನಿಲ್ಲಾ ಸಾರ ಮಾಡಬಹುದು.
323,"ಜೊತೆಗೆ, ಕಾನ್ಸೆಪ್ಟ್ ಶೃಂಗದ್ರವ್ಯದ ಸಾರ ಮತ್ತು ಮರುಸೃಷ್ಟಿ ತೈಲ ಎರಡು ಆಕ್ಷನ್ ಒಂದು ಬೂಸ್ಟರ್ ಒಳಗೊಂಡಿದೆ ವಿಶೇಷ ಜೈವಿಕ ರಕ್ಷಣೆ ಒದಗಿಸುತ್ತದೆ."
324,"ಅದರ ಬಗ್ಗೆ ಮತ್ತು ಪ್ರಾರಂಭದಲ್ಲಿ ಚರ್ಚಿಸಲಾಗಿದೆ - ಈ ಹಂತದಲ್ಲಿ ತಲುಪಿದಾಗ, ನೀವು ಏನು ನಡೆಯುತ್ತಿದೆ ಸಾರ ತಿಳಿಯಲು, ತನ್ನ ತುಂಬಿವೆ ಸಮಗ್ರವಾಗಿ, ಪರಿಸ್ಥಿತಿ ಮೌಲ್ಯಮಾಪನ ಸಾಧ್ಯವಾಗುತ್ತದೆ."
325,ಉತ್ಕರ್ಷಣ ನಿರೋಧಕ ಸಂಕೀರ್ಣದ ಭಾಗ ಯಶಸ್ವಿಯಾಗಿ ಉಚಿತ ತೀವ್ರಗಾಮಿಗಳ ಆಕ್ರಮಣಕಾರಿ ಕ್ರಮ ದೇಹದ ರಕ್ಷಿಸುತ್ತದೆ ಮತ್ತು ಇನ್ನಿತರ ಸಾರ ಶಕ್ತಿ ಚೇತರಿಸಿಕೊಳ್ಳುತ್ತಾರೆ ಮಾನಸಿಕ ಆಯಾಸ ಮತ್ತು ಹೆಚ್ಚಿನ ದೈಹಿಕ ಪರಿಶ್ರಮ ತಗ್ಗಿಸಲು ಕೆಲಸ.
326,"ವೆನಿಲ್ಲಾ ಸಾರ ಹಾಕಿ ಮತ್ತು ಘಟಕಗಳನ್ನು ಸಂಪರ್ಕ ಆದ್ದರಿಂದ, ಮಿಶ್ರಣ."
327,ಸಾರ ಸೇಸೆಯ ಸೂಸಿ ಹರಸಿ ಸುವಾಸಿನೀ ನಿಕರ
328,ಕೃಷ್ಣಮೂರ್ತಿ : ಕನ್ನಡ ಧ್ವನ್ಯಾಲೋಕ ಮತ್ತು ಲೋಚನ ಸಾರ ಪು.
329,ತೆಂಗಿನಕಾಯಿ ಸಾರ - ಪಿಂಚ್;
330,"ತೀರ್ಮಾನಕ್ಕೆ ಬಂದ ಲಿಂಕನ್ರ ಸಾಲುಗಳು, ಜನರು, ಜನರಿಂದ ಮತ್ತು ಜನರಿಗೆ ಸರ್ಕಾರವು ಭೂಮಿಯಿಂದ ಹಾಳಾಗುವುದಿಲ್ಲ ಎಂದು ಅಮೆರಿಕಾದ ಸರ್ಕಾರದ ವ್ಯವಸ್ಥೆಯ ಸಾರ ಎಂದು ವ್ಯಾಪಕವಾಗಿ ಉಲ್ಲೇಖಿಸಲಾಗಿದೆ ಮತ್ತು ಉಲ್ಲೇಖಿಸಲಾಗಿದೆ."
331,ಒಂದು ಸಾಲಿನ ಮಾತಿನಲ್ಲಿ ಎಷ್ಟೆಲ್ಲ ಬದುಕಿನ ಸಾರ ಅಳವಡಿಕೆಯಾಗಿದೆ.
332,ಹೀಗೆ ಸಂಗ್ರಹಿಸಿದ ಮಾಹಿತಿಗಳಿಂದ ಸಾರ ಆಸವಿಸಲುಮಾನವಮತಿ ಪ್ರತಿಭಾನ್ವಿತ ಊಹೆಯನ್ನು ಅಂತರ್ಬೋಧಾತ್ಮಕವಾಗಿ ಮಂಡಿಸುತ್ತದೆ.
333,ರಸ ಸಾರ (pH)
334,ನಗರದ ಶರಣಬಸವೇಶ್ವರ ಕಲಾ ಮಹಾವಿದ್ಯಾಲಯದಲ್ಲಿ ಉನ್ನತ ಶಿಕ್ಷಣದಲ್ಲಿ ಮೌಲ್ಯಮಾಪನ ಮತ್ತು ಮಾನ್ಯತೆಯಲ್ಲಿ ಸಮಗ್ರತೆ ಮತ್ತು ಮಾದರಿಗಳ ಸಾರ ಎಂಬ ವಿಷಯದ ಕುರಿತು ಎರಡು ದಿನ ಹಮ್ಮಿಕೊಂಡಿದ್ದ ವಿಚಾರ ಸಂಕಿರಣ ಸಮಾರೋಪ ಸಮಾರಂಭದಲ್ಲಿ ಮುಖ್ಯಅತಿಥಿಯಾಗಿ ಮಾತನಾಡಿದರು.
335,"ಉಳಿದ ತೈಲ, ಐಸಿಂಗ್ ಸಕ್ಕರೆ ಮತ್ತು ಸ್ವಲ್ಪ ಬೀಟ್ ವೆನಿಲ್ಲಾ ಸಾರ ಸದೃಶ ರಾಶಿಯಾಗಿ."
336,ಸಾಮಾನ್ಯ ಅರ್ಥದಲ್ಲಿ ಸಂಯಮ ರಚನೆಗೊಂಡಿದ್ದಕ್ಕಿಂತ ಇದು ಆಧಾರದ ಮೇಲೆ ಧರ್ಮದ ಸಾರ ಪ್ರತಿಬಿಂಬಿಸುವ ಆಧ್ಯಾತ್ಮಿಕ ಮತ್ತು ಮಾನಸಿಕ ಮತ್ತು ದೈಹಿಕ ವ್ಯಾಯಾಮ ಒಂದು ನಿರ್ದಿಷ್ಟ ವ್ಯವಸ್ಥೆ.
337,ಇದರ ಪ್ರಮುಖ ಸಕ್ರಿಯ ಘಟಕಾಂಶವೆಂದರೆ ಲೈಕೋರೈಸ್ ರೂಟ್ ಸಾರ .
338,ಅವರ ಮಾತುಗಳು ಹೀಗಿವೆ ಬೋಧ ಬ್ರಹ್ಮಜ್ಞಾನದೊಳಗಣ ಸಾಧನೆಯ ಸವಿಯಮ್ಮ ಮೇರುಪರ್ವತ ಶಿಖರ ಮಧ್ಯದಲಿ | ಭೋರೆಂದು ಮೊಳಗುವ ಭೇರಿ ಘಂಟೆಯ ನಾದದೊಳು ಮುಳುಗೀ | ಸಾರ ಸಪ್ತಾಂಬುಧಿಯ ತೀರವ ಸೇರಿ ವಿನಯದಿ ಸ್ನಾನ ಮಾಡುತ | ಪಾರ ಬ್ರಹ್ಮಜ್ಞಾನದೊಳಗಿನ ಸಾರವನು ಸವಿಯಮ್ಮ ತಂಗೀ| ಎಂದು ನಾಲ್ಕು ಚರಣಗಳಲ್ಲಿ ಬೆಳೆಯುತ್ತದೆ.
339,ಶೂನ್ಯ ಉಳುಮೆ ಮೂಲಕ ಕೃಷಿ ಮಾಡುವುದರಿಂದ ಪದೇ ಪದೇ ಭೂಮಿಯನ್ನು ಉಳುಮೆ ಮಾಡಿ ಅದರಲ್ಲಿನ ಸಾರ ಬರಿದಾಗುವಂತೆ ತಪ್ಪಿಸಬಹುದು.
340,"ನಂತರ, ವರ್ಟ್, ಇದು ಸಾರ (ಹೊರತೆಗೆಯುವಿಕೆ) ಮತ್ತು ಅದರ ಸಂಯೋಜನೆಯಲ್ಲಿ ಹೊಂದುವ ಒಂದು ತಯಾರಿಕೆಯಲ್ಲಿ ಎಲ್ಲಾ ಪದಾರ್ಥಗಳನ್ನು ಒಳಗೊಂಡಿದೆ."
341,ವ್ಯಾಯಾಮಗಳು ಸಾರ - ತರಬೇತಿ ಹಾಕಿ ಡ್ರಿಬ್ಲಿಂಗ್ ವಿಶೇಷ ಗುಣಗಳನ್ನು ಹಿಮದ ಒಂದು ಸಣ್ಣ ಭಾಗವನ್ನು ಅನುಕರಣೆಯಲ್ಲಿ.
342,"ಎಲ್ಲಾ ನಂತರ, ಅಂತಾರಾಷ್ಟ್ರೀಯ ಸಮುದಾಯ, ಅದರ ಸಾರ ಸಾಕಷ್ಟು ಭಿನ್ನಜಾತಿಯ ಮತ್ತು ಸ್ಥಿರವಾಗಿರುತ್ತದೆ."
343,ಎಲ್ಲ ಧರ್ಮದ ಸಾರ ಒಂದೇ ಎಂಬ ಭಾವನೆ ಹೃದಯದಲ್ಲಿ ನೆಲಯೂರಬೇಕು.
344,"ಷೈಟಲ್ ಆರ್, ಟಾನ್ ಜೆ, ಬಿಕ್ಫೋರ್ಡ್ ಪಿಸಿ, ರೆಝಾಯಿ-ಝಡೆಹ್ ಕೆ, ಹೌ ಎಲ್, ಝೆಂಗ್ ಜೆ, ಸ್ಯಾನ್ಬರ್ಗ್ ಪಿಆರ್, ಸ್ಯಾನ್ಬರ್ಗ್ ಸಿಡಿ, ಅಲ್ಬರ್ಟೆ ಆರ್ಎಸ್, ಫಿಂಕ್ ಆರ್ಸಿ, ರೋಚೆಕ್ ಬಿ ಜೂನಿಯರ್ ಆಪ್ಟಿಮೈಸ್ಡ್ ಅರಿಶಿನ ಸಾರ β- ಅಮಿಲೋಯ್ಡ್ ಮತ್ತು ಫಾಸ್ಫೊರಿಲೇಟೆಡ್ ಟಾ ಪ್ರೊಟೀನ್ ಹೊರೆ ಆಲ್ಝೈಮರ್ನ ಜೀವಾಂತರ ಇಲಿಗಳು."
345,"ಅಕ್ಕಿ ಸಾರ - ಮೆಲನಿನ್ ಉತ್ಪಾದನೆಯನ್ನು ಪ್ರತಿಬಂಧಿಸುತ್ತದೆ, ಫೈಟ್ಸ್ ಪಿಗ್ಮೆಂಟೇಶನ್, ಅತ್ಯುತ್ತಮವಾದ ಎಫ್ಫೋಲಿಯಾಯಿಂಗ್ ಘಟಕ, ಚರ್ಮದ ಸ್ಥಿತಿಸ್ಥಾಪಕತ್ವವನ್ನು ಸುಧಾರಿಸುತ್ತದೆ."
346,ಧರ್ಮಗಳ ಸಾರ ಒಂದೆಯಾಗಿದೆ.
347,"ನೀರು, ನೆರಳು, ಮೇವು ಲಭ್ಯತೆ ಅನು ಸಾರ ಗೋಶಾಲೆ ತೆರೆಯುವ ಪ್ರಕ್ರಿಯೆ ನಡೆಯುತ್ತಿದೆ ಎಂದು ವಿವರಿಸಿದರು."
348,ಇನ್ನು ಷಟ್ಟದಿ ಯುಗದಲ್ಲಿ ಕಾವ್ಯದ ಸಾರ ಪುರಾಣ ಕಥೆಯೊಂದರ ಅಭಿವ್ಯಕ್ತಿಯಾಗಿರುತ್ತದೆ.
349,ಇದರ ಸಾರ ನಾವು ಆಪರೇಟಿಂಗ್ ಉಷ್ಣಾಂಶದಲ್ಲಿ (+ 82-90 ಡಿಗ್ರಿ ಸೆಲ್ಸಿಯಸ್) ಗೆ vazovskaya ಎಂಜಿನ್ ಅಪ್ ಬೆಚ್ಚಗಾಗಲು ಅಗತ್ಯವಿದೆ ಎಂದು ವಾಸ್ತವವಾಗಿ ಇರುತ್ತದೆ.
350,ಇದುವೇ ಸಂಸಾರ ಸಾರ
351,"ನೀವು ಬಳಕೆದಾರ ಮಾಹಿತಿ ಮಾರಾಟ ಸಾರ ತಿಳಿಯಲು ಸಾಧ್ಯವಾಗುತ್ತದೆ ಇದು ಒಂದು ಉಚಿತ ಉತ್ಪನ್ನ, ರಚಿಸಬೇಕು."
352,ಅವರು ಕಾರಣ ಅವಲಂಬಿಸಿರುತ್ತದೆ ಸಾರ ಇಲ್ಲ ಏಕೆ.
353,"ಈ ಜೊತೆಗೆ, ನೋಂದಣಿ ಪ್ರಮಾಣಪತ್ರ ಸಾರ ಅನುಸಾರವಾಗಿ, ನೆಲಮಾಳಿಗೆಯ ಪ್ರದೇಶವು 46 ಮತ್ತು 24."
354,"ನಾವು ಕೇವಲ ಮುಖ್ಯ ಪದಾರ್ಥಗಳು ವಿಟಮಿನ್ ಸಂಕೀರ್ಣ, ಚಿಟೊಸನ್ ಮತ್ತು ಚೆಸ್ಟ್ನಟ್ ಸಾರ ಎಂಬುದನ್ನು ತಿಳಿಸುತ್ತದೆ ಕೆಲವು ಕನಿಷ್ಟ ಮೇಲೆ ಅವಲಂಬಿಸಬಹುದು."
355,"ಕೊನೆಯಲ್ಲಿ, ಒಂದು ಕಡಿಮೆ ಸಾರ ಸರಳವಾಗಿ ಅಡುಗೆ ಪ್ರಕ್ರಿಯೆಯಲ್ಲಿ ಹಸ್ತಕ್ಷೇಪ ಮಾಡುತ್ತದೆ."
356,ಮನೆಯಲ್ಲಿ ತೈಲ ಸಾರ
357,ಪ್ರಮುಖ ವಿಷಯ - ವಿಧಾನಸಭೆ ಸಾರ ತಿಳಿಯಲು.
358,"ಪ್ರಯೋಗದ ಸಾರ - ಪರಿಸರೀಯ ಸ್ಥಿತಿಗತಿಗಳು ಮತ್ತು ಮೇಲ್ವಿಚಾರಣೆ ಮಾರ್ಪಾಟಾಗಿದ್ದು ಏನು ನಡೆಯುತ್ತಿದೆ ಎಂಬುದನ್ನು, ಏಕಕಾಲಿಕ ನಿಯಂತ್ರಣದ (ಅಥವಾ ಪರಿಣಾಮ ನಿವಾರಿಸುತ್ತದೆ) ಯಾವುದೇ ಇತರ (ಹೊರಗೆ) AC ಯ ಮೇಲೆ ಪ್ರಭಾವ."
359,"ಎಲ್ಲ ಧರ್ಮದ ಸಾರ ಒಂದೆಯಾಗಿದ್ದು, ಭಾರತದ ಸ್ವಾತಂತ್ರ್ಯ ದೊರಕಿಸುವಲ್ಲಿ ಮತ್ತು ನಿರ್ಮಾಣದಲ್ಲಿ ಅನೇಕ ಮುಸ್ಲೀಂ ಮುಖಂಡರುಗಳು ಶ್ರಮೀಸಿದ್ದಾರೆ."
360,ಇದರ ಸಾರ ಒಂದು ವಿಶೇಷವಾಗಿ ರಚಿಸಿದ ವೆಬ್ಸೈಟ್ನಲ್ಲಿ ಎಲೆಕ್ಟ್ರಾನಿಕ್ ರೂಪದಲ್ಲಿ ಸಲ್ಲಿಸಿದ ಶೈಕ್ಷಣಿಕ ವಸ್ತುಗಳನ್ನು ವಿದ್ಯಾರ್ಥಿಗಳು ಸ್ವತಂತ್ರ ರಚನೆಗಳು ನೆಲೆಸಿದೆ.
361,"ಇವೆರಡೂ ದಿನಗಳನ್ನು ನೆನಪಿಸಿಕೊಂಡು ಈ ವರ್ಷವನ್ನು ಸೂಕ್ತವಾಗಿ ಆಚರಿಸಲು, ಪ್ರಗತಿಪರ ಪುಸ್ತಕಗಳ ಪ್ರಮುಖ ಪ್ರಕಾಶಕರಾದ ನವಕರ್ನಾಟಕ ಮತು ಕ್ರಿಯಾ ಮಾಧ್ಯಮ ಮಾರ್ಕ್ಸ್ ೨೦೦-ಕ್ಯಾಪಿಟಲ್ ೧೫೦ ಎಂಬ ಮಾಲಿಕೆಯಲ್ಲಿ ಕನ್ನಡದಲ್ಲಿ ಲಭ್ಯವಿಲ್ಲದ ಮಾರ್ಕ್ಸ್‌ವಾದದ ಸಾರ ಎನ್ನಬಹುದಾದ ಪ್ರಮುಖ ಕೃತಿಗಳನ್ನು ಪ್ರಕಟಿಸಲು ನಿರ್ಧರಿಸಿವೆ."
362,"ಬಳಿಕ ರಂಜಕ ಕರಗಿಸುವ ಗೊಬ್ಬರವಾದ ಪಿಎಸ್‌ಬಿ ಜೈವಿಕ ಗೊಬ್ಬರ, ಗಿಡದ ಬೇರಿಗೆ ಹಾನಿಕಾರಕ ಶಿಲೀಂಧ್ರ ಹಾವಳಿ ತಡೆಯಲಿಕ್ಕೆ ಟೈಕೋಡರ್ಮಾ, ವಾತಾವರಣದಲ್ಲಿನ ಸಾರ ಜನಕ ಒದಗಿಸಲಿಕ್ಕೆ ಅಜೋಸ್ಪೆರಿಲಿಯಂ ಅನ್ನು ತಲಾ 10 ಗ್ರಾಂ ನಂತೆ ಒಂದು ಕೆ."
363,"ಶನಿಮಹಾತ್ಮನ ಅಪೂರ್ವ ಕಥಾ ಸಾರ ಸಂಗ್ರಹ ಕಿರುತೆರೆಯಲ್ಲಿ ಈಗಾಗಲೇ ಸಾಕಷ್ಟು ಹೆಸರು ಮಾಡಿದ್ದು, ನಾಡಿನಾದ್ಯಂತ ಈ ಧಾರಾವಾಹಿಯು ಜನಜನಿತವಾಗಿದೆ ಹಾಗೂ ಯಶಸ್ಸಿನ ಕಡೆ ನಾಗಾಲೋಟ ನಡೆಸಿದೆ ಈ ಧಾರಾವಾಹಿ."
364,"ಜೊತೆಗೆ, ತುಳಸಿ ಎಲೆಗಳ ಸಾರ ತಯಾರಿಸಿ, ಸೋಸಿ, ರಸಗುಲ್ಲಾಕ್ಕೆ ಸೇರಿಸಬೇಕು."
365,ಅದರ ಸಾರ ಹೀಗಿದೆ.
366,"ವಾಸ್ತವವಾಗಿ, ಅದರ ಸಾರ ಪ್ರಬಲ ರಾಕ್ಷಸ ಇದು ಸುತ್ತುವರಿದ ಪ್ರಾಚೀನ ಪುರಾಣ ಪ್ರಸಿದ್ಧ ಸಾಮರ್ಥ್ಯ, ಹಾಕಿತು."
367,ಆಡಿಕೆಯಲ್ಲಿ ಹೆಚ್ಚಿನ ಪ್ರಮಾಣದಲ್ಲಿ ಟ್ಯಾನಿನ್ ಎಂಬ ಅಂಟಿನಂತಹ ಕೆಂಪು ಬಣ್ಣದ ಸಾರ ಹೇರಳವಾಗಿದೆ.
368,"ಏಸು ಕ್ರಿಸ್ತ, ಮುಹಮ್ಮದ್ ಪೈಗಂಬರ್, ಗುರುನಾನಕ್ ಸೇರಿದಂತೆ ಎಲ್ಲಾ ಧರ್ಮಗಳ ಸಾರ ಒಂದೇ ಅದು ಎಲ್ಲರನ್ನೂ ಪ್ರೀತಿಸು, ಗೌರವಿಸು ಎಂಬುದಾಗಿದೆ."
369,"ದೇವರನ್ನು ನೋಡಲು ಅವಕಾಶ ಮಾಡಿಕೊಡದಿದ್ದರೂ ಮಂದಿರದ ಮಹಾದ್ವಾರದ ಮುಂದೆ ನಿಂತು ಭಜನೆ ಮಾಡಲು ಅನುಮತಿಯಿತ್ತಿದ್ದಾರಲ್ಲ, ಇಷ್ಟೇ ಸಾಕು ಎಂದು ಸಮಾಧಾನ ತಳೆದು ಸಕಲ ಸಾಧನಗಳ ಸಾರ ಸರ್ವಸ್ವವಾದ ನಾಮರೂಪ ಸಾಧನದಲ್ಲಿ ನಿರತನಾದನು."
370,"ಇತ್ತೀಚೆಗೆ ಸುಮಾರು ೧,೦೦೦ ರೈತರು ಕಗ್ಗದಲಹುಂಡಿ ಗ್ರಾಮದಲ್ಲಿ ಜಮಾಯಿಸಿದ್ದರು – ತ್ರಿಯಂಬಕಪುರ ಗ್ರಾಮದಲ್ಲಿ ಚೈನಾ ಕಂಪೆನಿಯೊಂದು ಚೆಂಡುಮಲ್ಲಿಗೆ ಸಾರ ಭಟ್ಟಿಯಿಳಿಸುವ ಕಾರ್ಖಾನೆ ಸ್ಥಾಪಿಸುವುದನ್ನು ಪ್ರತಿಭಟಿಸಲಿಕ್ಕಾಗಿ."
371,ಇದರ ಸಾರ ಜನರು ಡಿಸೆಂಬರ್ 31 ರಂದು ಮದ್ಯ ಬಳಕೆ ಕೈಬಿಟ್ಟಿದೆ ಎಂದು ವಾಸ್ತವವಾಗಿ ಇರುತ್ತದೆ.
372,ಈ ಸಿದ್ಧಾಂತವು ಸ್ವಲ್ಪ ಹಳೆಯದು ಅದರ ಸಾರ ಇದು.
373,ಸಾರ ತುಂಬಿದ ನಿಸಾರ
374,ಕಾನೂರು ಹೆಗ್ಗಡತಿಯಲ್ಲಿ ಓದಿದ್ದ ಕಲ್ಲು ಸಾರ ನೆನಪಿಗೆ ಬಂತು.
375,"ಸಂಗನಬಸಯ್ಯ ಭದ್ರಗೋಳ ನುಡಿಯ ಸಾರ ತಿಳಿಸುತ್ತಾ, ಕಲ್ಯಾಣದಲ್ಲಿ ಬಸವಣ್ಣನವರು ಬಿಜ್ಜಳ ಮಹಾರಾಜನ ಆಸ್ಥಾನದಲ್ಲಿ ಮಹಾ ಮಂತ್ರಿಯಾಗಿದ್ದಾಗ ಅಲ್ಲಿದ್ದ ಕೆಲ ಕೊಂಡೆ ಕುಹಕರು ಬಸವಣ್ಣನವರ ಮೇಲಿನ ಅಸೂಹೆಯಿಂದ ರಾಜ ಬಿಜ್ಜಳನಿಗೆ ಬಸವಣ್ಣನವರು ಯಾವ ಕೆಲಸವನ್ನು ಮಾಡದೆಯೂ ಕೂಡಾ ನಿತ್ಯವು ಜಂಗಮಾರ್ಚನೆ ಮಾಡುವ ನೆಪದಲ್ಲಿ ರಾಜ ಬೊಕ್ಕಸದಿಂದ ಹಣವನ್ನು ಕದ್ದು ದಾಸೋಹ ಮಾಡುತ್ತಾರೆ ಇದೇ ರೀತಿ ಇದು ಮುಂದುವರೆದರೆ ಬೊಕ್ಕಸ ಖಾಲಿಯಾಗುತ್ತದೆ ಆದರೆ ಒಮ್ಮೆಯಾದರೂ ನೀವು ಈ ಕುರಿತು ಬಸವಣ್ಣನವರಿಗೆ ಲೆಕ್ಕ ಪತ್ರವನ್ನು ಕೇಳಿ ಎಂದು ಚಾಡಿ ಹೆಳಲಾಗಿ, ಆಗ ಬಿಜ್ಜಳ ಮಹಾರಾಜನು ಏಳು ದಿನಗಳಲ್ಲಿ ನನಗೆ ಭಂಢಾರದ ಎಲ್ಲ ಲೆಕ್ಕವನ್ನು ನೀಡಿ ಇಲ್ಲಿಂದ ಹೊರಡು ಎಂದು ಬಸವೆಶ್ವರರಿಗೆ ಹೇಳುತ್ತಾರೆ."
376,ಭಾರತೀಯ ತತ್ವಶಾಸ್ತ್ರದಲ್ಲಿ ಮನುಷ್ಯ ಜೀವನಕ್ಕೆ ಬೇಕಾದ ಸಮಸ್ತ ಸಾರ ಅಡಗಿದೆ.
377,ಅವಳು ಹದಿಹರೆಯದವನಾಗಿದ್ದಾಗ ತೀವ್ರತರವಾದ ಎಸ್ಜಿಮಾವನ್ನು ಹೊಂದಿರುವ 42 ವರ್ಷ ವಯಸ್ಸಿನ ಮಹಿಳೆ - ಅದರಲ್ಲೂ ವಿಶೇಷವಾಗಿ ಅವಳ ಮುಖದ ಮೇಲೆ - ದಿನಕ್ಕೆ 1 ಟೀಸ್ಪೂನ್ ಸಾವಯವ ಮಾಕಾ ಸಾರ ಪುಡಿಯನ್ನು ಬಳಸುವ 2 ಅಥವಾ 3 ವಾರಗಳಲ್ಲಿ ಅವರ ಮುಖವು ತೆರವುಗೊಂಡಿದೆ.
378,"ಸಿಹಿ, ಖಾರಗಳ ನಡುವಿನ ವಿಶಿಷ್ಟ ಸಾರ …."
379,"ಪ್ರಭಾವವನ್ನೇ, ಅದೇ ಪ್ರತಿಜೀವಕಗಳ ಹೊಂದಿರುವ ದ್ರಾಕ್ಷಿ ಬೀಜಗಳು, ನವೆ ಸಹಾಯ ಸಾರ ಕಡಿಮೆ ಮಾಡಲು."
380,ಹೂ ಶುದ್ಧೀಕರಣ ಶವರ್ ಮೆದುಗೊಳವೆ ಹಾಗೂ ಬೆಳ್ಳುಳ್ಳಿ ಸಾರ ಮತ್ತಷ್ಟು ಪ್ರಕ್ರಿಯೆಗೆ ಅಗತ್ಯವಿದೆ.
381,"ಒಂದು ಮುಖ್ಯವಾದ ಅಂಶ: ಔಷಧಾಲಯ ಸರಪಳಿಗಳು ನಲ್ಲಿ ಮಾರಾಟವಾಗುವ ಮಾತ್ರೆಗಳು, ಅವುಗಳ ಉತ್ಪಾದನೆ ಬಳಸಲಾಗುತ್ತದೆ ರಿಂದ ಗಣಿಗಾರಿಕಾ ರಾಳದ ಹೊರತೆಗೆದ ಸಾರ ಮತ್ತು ರಾಸಾಯನಿಕ ಸೇರ್ಪಡೆಗಳು, ಅಪೇಕ್ಷಿತ ಪರಿಣಾಮ ತರಲು ಇಲ್ಲ."
382,ತ್ಕರದ ಪತ್ರಾವಳಿಯ ನಿರ್ಮಳ ಸಾರ ಸಮಿಧೆಗಳ
383,ಇದರ ಸಾರ ಜೀವಕೋಶಗಳ ಮಾದರಿಗಳನ್ನು ರಚಿಸುವುದು.
384,ಚಿಕ್ಕ ಹೆಜ್ಜಾಜಿ ಮಹಾದೇವ ಅವರು ಉಪನ್ಯಾಸ ನೀಡಿ ಮನುಷ್ಯ ಯಾವುದೇ ಕಾಯಕವನ್ನು ಮಾಡಿದರೂ ಸಹ ಅದರಲ್ಲಿ ಧರ್ಮಮಾರ್ಗ ಅವಶ್ಯ ಇಂದು ಕೇವಲ ಕಾಮ ಮತ್ತು ಅರ್ಥಕ್ಕೆ ಹೆಚ್ಚು ಆದ್ಯತೆ ನೀಡುತ್ತಿರುವುದು ವಿಪಯರ್ಾಸ ಎಲ್ಲ ಧರ್ಮಗಳ ಸಾರ ಮನುಷ್ಯ ಒಳ್ಳೆಯನವಾಗಿರಬೇಕೆಂಬುದೇ ಆಗಿದೆ ಎಂದು ಹೇಳಿದರು.
385,"ಇದರ ಸಾರ ಕೆಲವೊಮ್ಮೆ ಕಳೆದು, ದೇಹದ ಸಂಪೂರ್ಣವಾಗಿ ಕದಲದಂತೆ ಎಂಬುದು."
386,"ಪರಿಣಾಮವಾಗಿ, ೧೯೨೩ರಲ್ಲಿ ಪ್ರಕಟವಾದ ವಚನಶಾಸ್ತ್ರ ಸಾರ ಅವರ ಪ್ರಥಮ ವಚನ ಸಂಕಲನವಾಯಿತು."
387,"ಆದಾಗ್ಯೂ, ಒಂದು ವಿಧಾನ ಸಾರ ತಿಳಿಯಲು, ನೀವು ಕೇವಲ ಲೂಟಿ ಮಾಡುವುದಿಲ್ಲ ಎಂದು ನೋಡಬಹುದು, ಕೂದಲಿನಲ್ಲಿ ಪರಿಸ್ಥಿತಿ ಸುಧಾರಿಸುತ್ತದೆ."
388,ಥೈಮ್ನ ಸಾರ - ಒಂದು ಶ್ವಾಸಕೋಶದ ಮತ್ತು ಆಂಟಿಮೈಕ್ರೊಬಿಯಲ್ ಪರಿಣಾಮವನ್ನು ಹೊಂದಿದೆ;
389,ಸಾರ ಹ್ಯಾಮ್ - 210 ಗ್ರಾಂ;
390,ಧಾರ್ಮಿಕ ಹಾಗೂ ಲೌಕಿಕ ಬೋಧನೆಗಳ ಸಾರ ಆ ಸಾಹಿತ್ಯದಲ್ಲಿ ಅಡಕವಾಗಿರುವುದರಿಂದ ಪ್ರಜಾಸಾಹಿತ್ಯದ ಪರಿಕಲ್ಪನೆಯೂ ಇದರ ಮೂಲ ತಿರುಳಾಗಿದೆ ಎಂದು ಹೇಳಿದರು.
391,"ಕೆಳಗಿನಂತೆ ವ್ಯಾಯಾಮ ಸಾರ ಎನ್ನಲಾಗಿದೆ: ಮಗು ಅದರಲ್ಲಿ ಮೂರು ಚಿತ್ರಗಳನ್ನು ತಾರ್ಕಿಕವಾಗಿ ಒಂದು ಏಕೈಕ ಗುಂಪಿನಿಂದ ಪರಿಗಣಿಸಬಹುದು ಪ್ರಾಣಿಗಳು, ಪಕ್ಷಿಗಳು, ವಸ್ತುಗಳು ಅಥವಾ ಜನರು, ಚಿತ್ರಗಳನ್ನು ಔಟ್ ಹಾಕಿತು ಮೊದಲು, ಮತ್ತು ನಾಲ್ಕನೇ superfluous ಹೊಂದಿದೆ."
392,ಅಧರ್ಮ ಅಪನಂಬಿಕೆಯಿಂದ ಜಾತಿ ವೈಷಮ್ಯದಿಂದ ಧರ್ಮಗಳ ಸಾರ ಅರಿಯದೇ ಬದುಕು ಸಾಗಿಸಿದರೇ ಭವಿಷ್ಯದ ದಿನಗಳಲ್ಲಿ ನಾವು ದುಸ್ತರ ಜೀವನ ಸಾಗಿಸಬೇಕಾಗುತ್ತದೆ ಮನಸ್ಸಿನ ಪರಿವರ್ತನೆಗೆ ಧರ್ಮ ಸಮ್ಮೇಳನ ಅವಶ್ಯ ಎಂದು ತೆಲಂಗಾಣದ ಪಂಡಿತ ಮೌಲಾನ ಸೈಯ್ಯದ್‌ ಬಾಷಾ ಹೇಳಿದರು.
393,"ಅವರು ದೇವರ ಕಾರಣವಾಗಿದೆ, ತತ್ವ ಸಾರ ಎಲ್ಲ ಉದ್ದೇಶ ನಂಬಿದ್ದರು."
394,ಮಾರುಕಟ್ಟೆ ಸಂಶೋಧನೆಯ ಸಾರ
395,"ಮಕ್ಕಳಲ್ಲಿ ಅಟೊಪಿಕ್ ಡರ್ಮಟೈಟಿಸ್ ಚಿಕಿತ್ಸೆಯಾಗಿದೆ ಯಾವ ಪ್ರಶ್ನೆಯನ್ನು ಕಾಲಿಡುವ ಮುಂಚೆ, ಈ ರೋಗ ಸಾರ ತಿಳಿಯಲು ಅಗತ್ಯ."
396,"ಇದು ಶಕ್ತಿಹೀನತೆ ತಡೆಗಟ್ಟಲು ಎಚ್ಚರಿಕೆ ಪುರುಷರು ನಡೆಸಲಾಗುತ್ತದೆ ಇದರಿಂದ, ಸಹ ಚಹಾದ ಸಾರ ತಿಂಡಿಯಾಗಿದೆ."
397,ಸಾರ ಸರ್ವಜ್ಞರು ವಿನೇಯ ನೃಪಾಲವಂದಿತರು ||
398,ಮಾವಿನ ಹಣ್ಣಿನ ಆಲ್ಫಾನ್ಸೋ ಜಾತಿಯ 100 ಗ್ರಾಂ ಹಣ್ಣಿನಲ್ಲಿ ಇರುವ (ಅಂದಾಜು) ಸಾರ ;
399,"ಆವಾಗಿನ ಸಿನೆಮಾಗಳಲ್ಲಿ ತಾಂತ್ರಿಕ ವೈಫಲ್ಯಗಳು ಎಷ್ಟೇ ಇದ್ದರೂ ಕಥಾಹಂದರ, ನಿರೂಪಣೆ ಮತ್ತು ಅದರೊಳಗೊಂದು ಹೃದಯಕ್ಕೆ ನಾಟುವಂತಹ ಸಾರ ಆಳವಾಗಿರುತ್ತಿತ್ತು."
400,"ಇದರ ಸಾರ ಆಯ್ದ ದಾರದ ಒಂದು ಸಣ್ಣ ತುಣುಕು ಹೆಣೆದ ಯೋಜನೆಗಿಂತಲೂ ಕಂಡುಬರುತ್ತದೆ, ನುರಿತ ಕಾರ್ಮಿಕ ಸಂಯೋಜಿತ ವಸ್ತು ಮತ್ತು ಅಲಂಕರಣದ, ಹಾಗೂ ಒಂದು ನಿರ್ದಿಷ್ಟ ಸ್ವರೂಪದ ಸಾಂದ್ರತೆಯ ಬಗ್ಗೆ ಮಾಹಿತಿ ಪಡೆಯಲು ಹೇಗೆ ನೋಡಬಹುದು."
401,"USRLE ರಿಂದ - ಕಾನೂನು ಘಟಕಗಳು ಬಗ್ಗೆ ವಿಶ್ವಾಸಾರ್ಹ ಮಾಹಿತಿ ಪಡೆಯಲು ರಚಿಸಿದ ವಿಶೇಷ ರಿಜಿಸ್ಟರ್, ಇದು ಔಟ್, ನೀವು ಎರಡು ಪ್ರಕಾರಗಳಲ್ಲಿ ಒಂದು ಸಾರ ಕೋರಬಹುದು."
402,"ಇದರ ಸಾರ ಒಲೆಯಲ್ಲಿ ಗೋಡೆಗಳ ಕೊಬ್ಬು ಇಡುತ್ತದೆ ಮತ್ತು ನೀರು ಮತ್ತು ಇಂಗಾಲದ ಅವುಗಳನ್ನು ವಿಭಜಿಸುವ ವಿಶೇಷ ದಂತಕವಚ, ಆವರಿಸಿದೆ ಎಂಬುದು."
403,"ಈ ಎಲ್ಲಾ ಸಂಕಷ್ಟ ಕಳೆದ ನಂತರ ತಂಡಕ್ಕೆ ಮರಳಿರುವ ಅವರು, ಪ್ರಜಾವಾಣಿ~ ಗೆ ನೀಡಿದ ಸಂದರ್ಶನದ ಸಾರ ಇಲ್ಲಿದೆ."
404,ನೀರಿನ ಸಾರ
405,ಆಗ ಮಾತ್ರ ವೇದಗಳ ಸಾರ ಅರ್ಥೈಸಿಕೊಳ್ಳಲು ಸಾಧ್ಯ ಎಂದರು.
406,"ಎರೆಗೊಬ್ಬರ ತಯಾರಿಕೆ, ಕೃಷಿ ತ್ಯಾಜ್ಯಗಳ ಮರುಬಳಕೆ ಇವೆಲ್ಲಾ ಭೂಮಿ ಸಾರ ಹೆಚ್ಚಲು ಕಾರಣವಾಗಿದೆ."
407,ಕ್ರಮೇಣ ಪುಡಿ ಸಕ್ಕರೆ 100 ಗ್ರಾಂ ಮತ್ತು ಒಂದು ಅರ್ಧ ಟೀಚಮಚ ವೆನಿಲ್ಲಾ ಸಾರ ತುಳುಕುತ್ತಿರುತ್ತವೆ.
408,"ಜೀನ್ಸಿ ವರ್ಗೀಸ್, ನಯನಾ ಸಾರ ಮ್ಯಾಥ್ಯೂ, ಸನಿಲಾ ರ್ಯಾಚಲ್ ಸನ್ನಿ ಹಾಗೂ ಶೀನಾ ಜೋಸೆಫ್ ಉನ್ನದ ದರ್ಜೆಯಲ್ಲಿ ಉತ್ತೀರ್ಣರಾಗಿದ್ದಾರೆ."
409,"ಭಗವಾನ್ ಮಹಾವೀರರ ತತ್ವ-–ಚಿಂತನೆಗಳ ಸಾರ ಸಾಂಕೇತಿಕರಿಸುವ, ಅಮೃತ ಕುಂಡದಲ್ಲಿ ಅಹಿಂಸೆ ಪ್ರತಿನಿಧಿಸುವ ಗೋವು-, ಹಿಂಸೆ ಪ್ರತಿಬಿಂಬಿಸುವ ಹುಲಿ ಏಕಕಾಲಕ್ಕೆ ನೀರು ಕುಡಿಯುತ್ತಿವೆ."
410,"ಗೋಲ್ಡ್ - ಚಿನ್ನ, ರಾಯಲ್ ಜೆಲ್ಲಿ ಸಾರ ಮತ್ತು ವಜ್ರದ ಸಮಗ್ರ ರಕ್ಷಣೆ ಭಾಗವಾಗಿ;"
411,"ಈ ಸಂಪೂರ್ಣವಾಗಿ ಸರಿಯಾಗಿಲ್ಲ, ಆದರೆ ಅಂತಿಮ ಪ್ರಕ್ರಿಯೆಗಳು ಸಾರ ಒಂದೇ ಹೊಂದಿವೆ - ಇದು ತಂದೆಯ ಮೂಳೆ ಮಜ್ಜೆ ಮತ್ತು ಅದರ ಕಾರ್ಯಕ್ಷಮತೆಯನ್ನು ಪುನಃಸ್ಥಾಪನೆ."
412,ಶಿಫಾರಸು ಮಾಡಿದ ನೀರಿನ ಸಾರ ಪ್ರೊಪೋಲಿಸ್ ಐ ಪೀ ವೀ ಮತ್ತು ಹೆಚ್ಚುವರಿ ಪರಿಣಾಮವಾಗಿ ಹಾನಿಕರವಲ್ಲದ ಅಥವಾ ಹಾನಿಕಾರಕ ಗೆಡ್ಡೆಗಳಲ್ಲಿ.
413,"ಊಟಿಯಲ್ಲಿ ನಡೆದ ಮಠಾಧೀಶರ ಸಮ್ಮೇಳನದಲ್ಲಿ ಮಾಡಿದ ಭಾಷಣದ ಸಾರ ಸಂಗ್ರಹ, ೧–೬–೨೦೦೩ರ ಕನ್ನಡಪ್ರಭ ಪತ್ರಿಕೆಯಲ್ಲಿ ಪ್ರಕಟಿತ."
414,ಈ ಪ್ರಕ್ರಿಯೆಯ ಸಾರ - ವಿತರಕರು ಬಗ್ಗೆ ಲಭ್ಯವಿರುವ ಮಾಹಿತಿ.
415,ಈ ರೀತಿಯ ಯಾವುದೇ ಮುಖಾಮುಖಿಯಲ್ಲಿ ಸಾರ ಇತಿಹಾಸದಲ್ಲಿ ದಿನಗಳಿಂದಲೂ ವಾಸ್ತವವಾಗಿ.
416,ಅಗತ್ಯವಿದ್ದರೆ ಪರಿಹಾರ ಸಾರ ಹೆಚ್ಚಾಗಬಹುದು.
417,"ಈ ಕ್ರಿಯೆಯನ್ನು ಸಾರ - ಜೀವಕೋಶದ ಪೊರೆಯ ನಾಶ, ವಿದೇಶಿ ಜೀವಿಗಳು."
418,"ಇದನ್ನು ಮಾಡಲು, ನಿಮಗೆ ಐವತ್ತು ಗ್ರಾಂ ಅಸಿಟಿಕ್ ಸಾರ ಬೇಕು (ಎಪ್ಪತ್ತು ಪ್ರತಿಶತಕ್ಕಿಂತಲೂ ಕಡಿಮೆಯಿಲ್ಲ) ಮತ್ತು ಒಂದು ತಾಜಾ ಕೋಳಿ ಮೊಟ್ಟೆ."
419,70% ಮದ್ಯ ಮತ್ತು ಒಣಗಿದ ಚೆಂಡು ಮಲ್ಲಿಗೆ ಹೂಗಳು ಸಾರ ಸಿದ್ಧತೆ.
420,ರಷ್ಟು ಬೇವಿನ ಬೀಜದ ತಿರುಳಿನ ಸಾರ (NSKE) ವನ್ನು ಎರಡರಿಂದ ಮೂರು ಬಾರಿ ಸಿಂಪಡಿಸಿ.
421,"ಇದರ ಸಾರ ಯುರೋಪ್ ಖಾಸಗಿ ಖಾತೆಗಳ ಬ್ಲಾಕಿಂಗ್, ರಷ್ಯಾ ಎಲ್ಲಾ ತೆರಿಗೆದಾರರು ಮೂಲಕ ಅದನ್ನು ಸರಿದೂಗಿಸಬೇಕಾಗುತ್ತದೆ ಎಂದು ಆಗಿದೆ."
422,"ಮಹಿಳೆಯರಲ್ಲಿ, ಮಧ್ಯವಯಸ್ಕ ಹಾಲಿನ ಮೇಕಪ್ ತೆಗೆದುಹಾಕಲು ಗುಲಾಬಿ ತೈಲ ಹೊಂದಿರಬೇಕು, ಮತ್ತು ಕಣ್ಣಿನ ಸುತ್ತ ಪ್ರದೇಶ ಅತ್ಯುತ್ತಮ ಆಯ್ಕೆಯನ್ನು ಮೆಕ್ಕೆಜೋಳದ ಸಾರ ಆಧಾರದ ಮೇಲೆ ಸಾಧನವಾಗಿ ಎಂದು."
423,ಸಂವಿಧಾನದ ಪ್ರತಿಯೊಂದು ಅಂಶವೂ ಬಸವಣ್ಣನ ಸಂದೇಶದ ಸಾರ ಒಳಗೊಂಡಿದೆ ಎಂದರು.
424,"ಪರಮಾತ್ಮನನ್ನು ನಾವು ಬೇರೆ ಬೇರೆ ಹೆಸರಿನಿಂದ ಆರಾಧನೆ ಮಾಡಿದರೂ, ಎಲ್ಲಾ ಧರ್ಮಗಳ ಸಾರ ಒಂದೇ ಆಗಿದೆ."
425,"ಅಸೂಟಿ ಹಾಗೂ ಸಿದ್ದು ಪಲ್ಲೆÃದ ಅವರು ಸಂದರ್ಭೋಚಿತವಾಗಿ ಮಾತನಾಡಿ ಬಸವಣ್ಣನವರ ತತ್ವ ಸಿದ್ದಾಂತಗಳು, ವಚನ ಸಾಹಿತ್ಯದ ಸಾರ ಸರ್ವ ಕಾಲಕ್ಕೂ ಅನ್ವಯವಾಗುವಂತದ್ದು ಅವುಗಳನ್ನು ನಾವಿಂದು ನಮ್ಮ ಬದುಕಿನಲ್ಲಿ ಅಳವಡಿಸಿಕೊಳ್ಳಬೇಕಿದೆ ಎಂದರು."
426,"ಮೇಲೆ ಹೇಳಿದಂತೆ, unroasted ಬೀನ್ಸ್ - ಸಾರ ಅಥವಾ ಕಾಫಿ ಪರಿಮಳಯುಕ್ತ ಕಪ್ - ನೀವು ತೂಕವನ್ನು ತಗ್ಗಿಸಲು ಇತರ ಕ್ರಮಗಳೊಂದಿಗೆ ಸಂಯೋಗದೊಂದಿಗೆ ತೆಗೆದುಕೊಳ್ಳುವ ಅಗತ್ಯವಿಲ್ಲ."
427,"ಇದು ಅಧಿಕೃತವಾಗಿ ಕರೆಯಲಾಗುತ್ತದೆ ರಜಾ, ಸಾರ ಡಿಸೈನರ್ ರ ಅಖಿಲ ರಷ್ಯಾದ ಡೇ, ಸರಳ ಮತ್ತು ನೇರವಾಗಿರುತ್ತದೆ."
428,ರಸ ಎಂದರೆ ಸುವಾಸನೆಯ ಸಾರ ಎನ್ನುವುದು ಸಾಮಾನ್ಯ ಅರ್ಥ.
429,"ಜಗತ್ತಿನ ಎಲ್ಲಾ ಧರ್ಮಗಳ ಸಾರ ಅರಿತಿದ್ದ ಬಸವಣ್ಣನವರು ದಯೆ, ಕರುಣೆ ಇಲ್ಲದ ಧರ್ಮ ಯಾವುದು ಇಲ್ಲ."
430,"ಕೆಳಗಿನಂತೆ ಕಣಿ ಸಾರ ಎನ್ನಲಾಗಿದೆ: ಗ್ಯಾಡ್ ಹುಡುಗಿ, ಮಾತ್ರ ಎಂಬ (ಅಥವಾ ಸ್ನೇಹಿತರು 1-2 ಜೊತೆ) ಎರಡು ಮೇಣದಬತ್ತಿಗಳನ್ನು ಬೆಳಕಿಗೆ ಮಾಡಬೇಕು, ಗಾತ್ರ ಪರಸ್ಪರ ಅನನ್ಯವಾಗಿರುತ್ತದೆ ಇದು ಎರಡು ಕನ್ನಡಿಗಳು, ಮತ್ತು ಇವು ಕಾರಣವಾಗುತ್ತದೆ ತಮ್ಮ ಕಾರಿಡಾರ್ ರೂಪುಗೊಳ್ಳುತ್ತದೆ ಭೂಗತ ."
431,ಈ ಬಗ್ಗೆ ಇಂಡಿಯಾ ಟುಡೆ ವಿವಿಧ ಪರಿಣತರ ಹೇಳಿಕೆಗಳನ್ನು ಉಲ್ಲೇಖಿಸಿ ಬರೆದ ವರದಿಯ ಸಾರ ಇಲ್ಲಿದೆ.
432,", ಇದು ಅಥವಾ ವೆನಿಲ್ಲಾ ಸಾರ ಸೇರಿಸಿ ಸುವಾಸನೆಯ ತಂಪಾಗಿ ಮಿಶ್ರಣದೊಂದಿಗೆ ಉದಾರವಾಗಿ ಕೇಕ್ ಅದ್ದಿಡುವುದನ್ನು ಅವಕಾಶ."
433,"ಈ chanakhi ಕುಂಡಗಳಲ್ಲೂ, ಸೇರಿವೆ ಒಂದು ಪಾಕವಿಧಾನವನ್ನು ಯಾವುದೇ ವಿಶೇಷ ಪಾಕಶಾಲೆಯ ಕೌಶಲಗಳನ್ನು ಅಗತ್ಯತೆ ಮತ್ತು ಪರಿಣಾಮವಾಗಿ ತುಂಬಾ ಶ್ರೀಮಂತ ಮತ್ತು ಸಾರ ಭಕ್ಷ್ಯವಾಗಿದೆ."
434,- ವೆನಿಲಾ ಸಕ್ಕರೆಯ ಪ್ಯಾಕೆಟ್ (ಕೆಲವು ವೆನಿಲ್ಲಾ ಸಾರ ಹನಿಗಳು ಅಥವಾ ನೈಸರ್ಗಿಕ ವೆನಿಲ್ಲಾ ಬೀಜಗಳು);
435,ಪೇಸ್ಟ್ ಸಂಯೋಜನೆ ಬಾವೋಬಾಬ್ ಸಾರ ಮತ್ತು ವಿಟಮಿನ್ ಇ ಈ ಪದಾರ್ಥಗಳು ತೊಡೆದುಹಾಕಲು ಸೇರಿಸಲಾಗಿದೆ ಬಾಯಿಯ ಶುಷ್ಕತೆ ಮತ್ತು ಧೂಮಪಾನದ ಸಂದರ್ಭದಲ್ಲಿ ರೂಪುಗೊಂಡ ಜೀವಾಣು ಬಂಧಿಸುವ ಕೊಡುಗೆ.
436,"ಕಾಂಡಗಳು) ಅಮರ ಕೋಶ, ವಿದುರ ನೀತಿ, ಶ್ರೀಮದ್ ಭಾಗವತ (ದಶಮಸ್ಕಂದ), ಪ್ರಾರ್ಥನಾ ಶ್ಲೋಕಗಳು, ವಿಷ್ಣು ಪುರಾಣ, ಶ್ರುತಿ ಸಾರ ಸಮುದ್ಧರಣ, ವಾಕ್ಯ ಪದೀಯ ಮುಂತಾದವು."
437,"ಥೈಮ್ ಸಾರ ಬ್ರಾಂಕೋಸ್ಪೊಸ್ಮಾಸ್ಮಾಲಿಕ್ ಆಗಿದೆ, ಇದು ಪಲ್ಮನರಿ ಮಾರ್ಗಗಳ ಸ್ನಾಯುವಿನ ಮೇಲೆ ವಿಶ್ರಾಂತಿ ಪರಿಣಾಮವನ್ನು ಹೊಂದಿದೆ, ಇದು ಕಫದ ಹಾದಿಯನ್ನು ಸುಗಮಗೊಳಿಸುತ್ತದೆ."
438,"ಅಂದರೆ, ಔಷಧೀಯ ಗುಣಗಳಿರುವ ತುಳಸಿಯ ಸಾರ ಮತ್ತು ಸಸ್ಯಜನ್ಯ ಸಿಹಿ ತುಂಬಿದ ಸ್ಟೀವಿಯಾದ ಎಲೆಗಳನ್ನು ಸೇರಿಸಿ (ಇದರಿಂದ ರಸಗುಲ್ಲಾದ ಸಕ್ಕರೆಯ ಸಿಹಿಯ ಪ್ರಮಾಣ ಕಡಿಮೆ ಮಾಡಲು ಸಾಧ್ಯ) ಹೊಸ ರೀತಿಯಲ್ಲಿ ರಸಗುಲ್ಲಾ ತಯಾರಿಸುವುದು."
439,ಇದರ ಸಾರ ವಿಭಿನ್ನವಾಗಿ ವ್ಯಾಖ್ಯಾನಿಸಬಹುದು.
440,"ಬೈಬಲ್ಲು ಹೇಳುವುದು ಜಗ ಜೀವ ದೇವ ಕುರಾನು ಸಾರುವುದು ಜಗ ಜೀವ ದೇವ | ಸಕಲ ಮತಗಳ ಸಾರ ಜಗ ಜೀವ ದೇವ ಒಂದಲದೆ ಹಲವುಂಟೆ ಕಾಣೆ ಮೂಢ || ಜಗತ್ತು, ಜೀವ ಮತ್ತು ದೇವ - ಈ ಮೂರು ಅಂಶಗಳ ಸುತ್ತಲೇ ಬಹುತೇಕ ಎಲ್ಲಾ ಜಿಜ್ಞಾಸೆಗಳು, ಚರ್ಚೆಗಳು,…"
441,ವಿವೇಕಾನಂದರು ಹೇಳಿದ ವಿಚಾರಗಳು ಸನಾತನ ಸಂಸ್ಕೃತಿಯ ಸಾರ ಎಂದರು.
442,ಭರ್ಮ ವಸನಧರ ವಿಷ್ಣು ಸೌಂದರ್ಯ ಸಾರ
443,"ತಾಲೂಕಿನ ಬಿಡಗಲು ಪಡುವಲು ವಿರಕ್ತ ಮಠದಲ್ಲಿ ಏರ್ಪಡಿಸಿದ್ದ ಶಿವಾನುಭವ ಸಮ್ಮೇಳನದಲ್ಲಿ ಉಪನ್ಯಾಸ ನೀಡಿ ಮಾತನಾಡಿದ ಅವರು, ಯಾವುದೇ ಧರ್ಮದ ಸಾರ ದಯೆ."
444,"ಪಶ್ಚಾತ್ತಾಪದ ಪಾತಕಿ ದೇವರ ಕಣ್ಣುಗಳ ಮೂಲಕ ಮಾಂಸದ ಪಾತಕಿ ಕಾರ್ಯಗಳನ್ನು ನೋಡಲು ಸಹಾಯ ಮಾಡಲು ಪವಿತ್ರ ಆತ್ಮದ ಕೇಳಬೇಕು, ಮತ್ತು ಕೇವಲ ನಂತರ ತನ್ನ ಪಾಪ ಮತ್ತು ಅವನ ಅಸಹ್ಯ ಮತ್ತು ವಿನಾಶಕಾರಿ ಸಾರ ಅರಿವು ಮಾಡಬಹುದು."
445,ಅಖಿಳ ಶಾಸ್ತ್ರದ ಸಾರ ಸಾರುತಿಹುದು
446,"ಮದ್ದು ಸಾರಭೂತ ಕ್ಯಾಸ್ಟರ್ ಹುರುಳಿ, ಫರ್, ಪುದೀನಾ ಮತ್ತು ಔಷಧೀಯ ಮೂಲಿಕೆಗಳ ಸಾರ (ಕಾಡು ಕ್ಯಾರೆಟ್, ಹಾಪ್ ಗಳು, ಒಳಗೊಂಡಿದೆ ಒರಿಗ್ಯಾನಂ ವಲ್ಗೆರ್)."
447,"ಭದ್ರವಾಗಿ ಬಿಟ್ಟ ಬೇರಿನ ಮೂಲಕವೇ ತವರು ನೆಲದ ಸಾರ ಹೀರಿ, ವಾಸ್ತವಕ್ಕೆ ಮುಖ ಮಾಡಿ ನಿಂತು, ಭವಿಷ್ಯದ ಬಗ್ಗೆ ಆತಂಕ ವ್ಯಕ್ತಪಡಿಸುತ್ತಾ ಹೇಳಬೇಕಾದದ್ದನ್ನು ಮುಖಕ್ಕೆ ಹೊಡೆದಂತೆ ಹೇಳುವುದು ತಲ್ಲೂರು ಕಲಾ ಭಾಷೆ!"
448,"ಆಹಾರದ ಸಾರಾ ಸಾರ ವಿಭಜನೆ ಮಾಡಿ ಸಾರಾಂಶವನ್ನು ದೇಹದ ಸಪ್ತ ಧಾತುಗಳಿಗೂ, ಆಸಾರವಾದುದನ್ನು ಶರೀರದ ಹೊರಗೂ ಕಳುಹಿಸುವ ಕೆಲಸ ಮಾಡುತ್ತದೆ."
449,ಈ ನಲ್ಲಿ ವಾಮಾಚಾರ ಸಾರ ಆಗಿತ್ತು.
450,ಬಹುಶಃ ಲಿಥಿಯಂ ಅಯಾನು ಬ್ಯಾಟರಿಯಂತಹ ಪ್ರಮುಖ ವಿಷಯಗಳ ಸಾರ ಸಂಗ್ರಹಗಳ ಪ್ರಕಟಣೆ ಹೆಚ್ಚಬಹುದು.
451,"ಇದರ ಸಾರ ವಾಸ್ತವವಾಗಿ ಇರುತ್ತದೆ ಎರಡು ಜೀವಕೋಶಗಳು ಸೇರಿಲ್ಲ ಸಂಬಂಧ ಎಂದು ಕಟ್ಟಿದ್ದ, ಮತ್ತು 10 - 20 ಈ ತೀವ್ರತೆ ಮತ್ತು ವ್ಯಕ್ತಿಗಳು ಮತ್ತು ಜಾತಿಗಳ ವೈವಿಧ್ಯತೆಯ ಸಂಖ್ಯೆಯ ಪ್ರಕಾರವನ್ನು ಸ್ಪೋರೋಜಾನ್ಸ್ಗಳು ಹಲವಾರು ಜೊತೆಗೆ."
452,"ಬೊಟ್ಟುದ ಸರೊಳಿ, ಬೈಲ್ದ ಸಂಪು, ಉರ್ದುದ ಸಲಾಯಿ, ಪದೆಂಗಿದ ಕೋಡು, ಸೀಗೆ ಬಾಗೆ ಕೊಂಬಾಗೆ ಕೋಡಾಗೆ ಸಾರ ಕಂದೆಲ್ ಬೆಂದ್ರ್‌, ಸಾರ ಕಂದೆಲ್ ಚಂಡಿರ್‌, ಚಂಡೀರ್‌ಡ್ದ್‌ ಸಂಪಾಯೆರೆ ಬೆನ್ನೀರ್‌ಡ್ದ್‌ ಬೆಪ್ಪಾಯೆರ್‌ (ಕೋಟಿ ಚೆನ್ನಯ)"
453,ಇದರ ಸಾರ ನಕಾರಾತ್ಮಕ ಭಾವನೆಗಳು ಬಿಡುಗಡೆ ನೆಲೆಸಿದೆ.
454,"ಅದರ ಸಾರ ಏನು, ಮತ್ತು ಏಕೆ ಇದು ಅಗತ್ಯ?"
455,"ಸಮಸ್ತ ಆಗಮ ಪರಂಪರೆಯ ಸಾರ ಸಮಸ್ತವನ್ನು ಗರ್ಭೀಕರಿಸಿದ ಧವಲ, ಜಯಧವಲ, ಮಹಾಧವಲದ ಏಕೈಕ ಸಂರಕ್ಷಿತ ಹಸ್ತಪ್ರತಿ ಇಲ್ಲಿನ ಶ್ರುತಭಂಡಾರದ ತವನಿಧಿಯಾಗಿ ಬೆಳಗಿದ್ದನ್ನೂ ಹಾಗೂ ವಿದ್ವನ್ಮಣಿಗಳಾದ ಶಾಸ್ತ್ರಿಗಳ ಪರಂಪರೆಯಿಂದ ಸುಶೋಭಿತವಾದುದನ್ನೂ ಇನ್ನು ಎಂದೆಂದಿಗೂ ಸಿಗಲಾರದೆಂದು ತಿಳಿದಿದ್ದ ನಾಗವರ್ಮನ ವರ್ಧಮಾನಪುರಾಣ ಇಲ್ಲಿನ ಶ್ರುತ ಭಂಡಾರದಿಂದ ಬೆಳಕು ಕಂಡಿತೆಂಬುದನ್ನೂ, ಕನ್ನಡ ಸಾಹಿತ್ಯ ಪರಂಪರೆಯ ಉಜ್ವಲ ದೀಪಸ್ತಂಭವಾದ ವಡ್ಡಾರಾಧನೆಯ ಪರಿಷ್ಕಾರಕ್ಕೆ ಇಲ್ಲಿನ ತಾಳೆಗರಿ ಗ್ರಂಥಗಳು ಮುಖ್ಯ ಆಕರವೆಂಬುದನ್ನೂ ಕನ್ನಡ ವಿದ್ವತ್ತು ಬಲ್ಲುದು."
456,"ಹಣ್ಣಿನ ಸಾರ ಹೊಂದಿರುವ ಸಿದ್ಧತೆಗಳನ್ನು, ಸಾಮಾನ್ಯವಾಗಿ ತಡೆಗಟ್ಟುವ ಮತ್ತು ಶೀತಗಳ ವೈದ್ಯರು, ಹಾಗೂ ಬೆರಿಬೆರಿ ಸೂಚಿಸಲಾಗುತ್ತದೆ."
457,ಇದರ ಸಾರ ಒಂದು ಪದದ ಅಕ್ಷರಗಳನ್ನು ಹಲವಾರು ಪರಿವರ್ತಿಸಲಾಗುತ್ತದೆ ಎಂದು ವಾಸ್ತವವಾಗಿ ಇರುತ್ತದೆ.
458,"ಉದಾಹರಣೆಯಾಗಿ ಸ್ವತಃ ಉದಾಹರಿಸುತ್ತಾ, ಅವರು ಯಾವುದೇ ಸಂದರ್ಭದಲ್ಲಿ ನೀವು, ಒಂದು ಸ್ಥಳದಲ್ಲಿ ಕುಳಿತು ಜೀವನದ ಸಾರ ಚಲನೆಯಲ್ಲಿ ಮಾಡಬಹುದಾದ ಎಂದು ತೋರಿಸಲು."
459,"ಅಲ್ಲಿ ಕಾಣಬರುವ ಪರಿಸರ ವರ್ಣನೆ, ಕವಿತೆಯ ಶಿಲಪ, ಪುರಾಣ ಇತಿಹಾಸ ವೇದ ಉಪನಿಷತ್ತು ಆಚಾರ್ಯವಾಣಿಗಳ ಸಾರ ಉಲ್ಲೇಖ, ಸದಾಚಾರ – ಸಂಸ್ಕೃತಿಯಾಳಗಳು ಎಲ್ಲವು ತೀವಿ ತಿರುಪ್ಪಾವೈಯನ್ನು ಸುಂದರ ಕಾವ್ಯವಾಗಿಸಿದೆ."
460,"ಜುನಿಪರ್ ಬೆರಿಗಳ ಅತ್ಯಮೂಲ್ಯವಾದ ಸಾರ ಎಸೆನ್ಶಿಯಲ್ ಎಣ್ಣೆ, ಇದು ಹಲವಾರು ಉಪಯುಕ್ತ ಗುಣಗಳನ್ನು ಹೊಂದಿದೆ."
461,"ಅಲ್ಲದೆ ರೋಗ ಪರಿಣಾಮಕಾರಿಯಾಗಿ ಕೆಳಗಿನ ಪಾಕವಿಧಾನ ಮೂಲಕ ತಯಾರಿಸಲಾಗುತ್ತದೆ ಸಾರ ಚಿಕಿತ್ಸೆ: 1 tbsp ಮಿಶ್ರಣ ಗಿಡಮೂಲಿಕೆಗಳು ಒಂದು ಬಗೆಯ ಹಳದಿ ಹೂಗಿಡ ಅದೇ ಪ್ರಮಾಣದ ವಿಯೋಲ ತ್ರಿವರ್ಣ, ಮತ್ತು ನಂತರ ಕುದಿಯುವ ನೀರಿನ ಕಪ್ ಸುರಿಯುತ್ತಾರೆ."
462,"ನಿರೀಕ್ಷೆಯಂತೆ, ಅನೇಕ ಕಂಪೆನಿಗಳು ಕೆಲವು ಔಷಧಗಳು ಮಿಂಟ್ ಸಾರ ವಿಸ್ತರಿಸಿವೆ."
463,"ಹೀಗಾಗಿ, ಯುರೋಪಿಯನ್ ಒಕ್ಕೂಟದ ಕಾನೂನು - ಅದರ ಸಾರ ಸಂಘಗಳು ಭಾಗವಹಿಸುವ ಪ್ರಕ್ರಿಯೆ evrointergratsii ದೇಶಗಳಲ್ಲಿ ಭಾವಿಸುವ ಒಂದು ವ್ಯವಸ್ಥೆಯಲ್ಲಿ ನಿರ್ದಿಷ್ಟ, ಮತ್ತು ಅದರ ಅಧಿಕಾರಿಗಳ ಪರಿಣಾಮಕಾರಿಯಾಗಿ ಕಾರ್ಯನಿರ್ವಹಿಸಲು ಕಾರಣವಾಗಿದೆ."
464,"ಎಲ್ಲಾ ಮತಧರ್ಮಗಳ ಸಾರ ಒಂದೇ ಆಗಿದ್ದು, ಅವು ದೇವರನ್ನು ಕಾಣುವ ವಿವಿಧ ದಾರಿಗಳಾಗಿವೆ ಎಂದು ತಿಳಿಸಿದರು."
465,ಲಭ್ಯತೆ ರಾಜ್ಯ ರಿಜಿಸ್ಟರ್ ಒಂದು ಸಾರ ಮತ್ತು ಮಾಲೀಕರ ಹೆಸರು 5 ದಿನಗಳಲ್ಲಿ ಪಡೆಯಬಹುದು.
466,"ಇದರ ಸಾರ ಶೀತಗಾಳಿಯ ಕಡಿಮೆ ಆರಂಭಿಕ ಮೂಲಕ ಹರಿಯುವ, ಮತ್ತು ಶಾಖ ಮೇಲಿನಿಂದ ತೆಗೆದು ವಾಸ್ತವವಾಗಿ ಇರುತ್ತದೆ."
467,ಅಂದಹಾಗೆ ಗೀತೆಯ ಸಾರ ತಿಳಿದುಕೊಳ್ಳಲು ಯಾವ ಧರ್ಮವಾದರೇನು ಗುರು ಅಲ್ವರಾ?
468,"ಸರ್ಕಲ್ ಸ್ತ್ರೀ ಅಧಿಕಾರದ, ಸಿದ್ಧರಸ ಆಫ್ ಲವ್ ಮತ್ತು ಹೊಸ ಸ್ವಯಂ ತೆರೆಯುವ ಪ್ರಸಿದ್ಧ ಟ್ರೈಲಾಜಿ ಪ್ರತಿಯೊಂದು ಭಾಗವನ್ನು ಮಹಿಳೆಯ ಇದು ಹೆಚ್ಚಿನ ಮಹಿಳೆಯರು ಅನುಕೂಲಕರವಾಗಿದೆ ತಪ್ಪು ದಿಕ್ಕಿನಲ್ಲಿ ಪ್ರಪಂಚವನ್ನು ಬದಲಾಯಿಸಲು, ಅದರ ಸಾರ ಅಧ್ಯಯನದಲ್ಲಿ ಒಂದು ದೊಡ್ಡ ಹೆಜ್ಜೆ ಮಾಡಲು ಅನುಮತಿಸುತ್ತದೆ."
469,"ತೈಲಗಳು ಜೊತೆಗೆ, ಜೀವಸತ್ವಗಳು ಮತ್ತು ಖನಿಜಗಳ ಸಾಧನವಾಗಿ ಮೆಣಸಿನಕಾಯಿ ಸಾರ ಒಳಗೊಂಡಿದೆ."
470,ಚಾರಿತ್ರಿಕ ತತ್ವ ಸಾರ
471,"ಗಾಂಧೀಜಿ ಗೀತೆ ಮತ್ತು ಉಪನಿಷತ್ತುಗಳ ಸಾರ ಗ್ರಹಿಸಿದ್ದು, ಕುರಾನ್, ಬೈಬಲ್ ಅಧ್ಯಯನಕ್ಕೆ ಮುಂದಾಗಿದ್ದು ಕೂಡ ಇಂಗ್ಲೆಂಡಿನಲ್ಲೇ."
472,"(ನೀವು ವೇಳೆ ಅಥವಾ ಬಹಳಷ್ಟು) ಬೆಳ್ಳುಳ್ಳಿಯ ಮತ್ತು ಸ್ವಲ್ಪ - ಸಮಾನ ಪ್ರಮಾಣದಲ್ಲಿ - ನೀವು ಸಾರ ಭಕ್ಷ್ಯಗಳು ಪ್ರೀತಿ ವೇಳೆ, ಒಂದು ಬ್ಲೆಂಡರ್ ಪೆನ್, ಕೊತ್ತಂಬರಿ ಸೊಪ್ಪು, ಸಬ್ಬಸಿಗೆ, ತುಳಸಿಯಲ್ಲಿ ಈರುಳ್ಳಿ ಇಡುತ್ತವೆ."
473,ಇದರ ಸಾರ ಎಂದು ವಾಸ್ತವವಾಗಿ ಇರುತ್ತದೆ ಎಳೆಗಳನ್ನು ಸಲೀಸಾಗಿ ಉದ್ದಕ್ಕೂ ಕೂದಲಿನ ಒಂದು ಮತ್ತೊಂದಾಗಿ.
474,ಕಾವ್ಯಗಾರ್ತಿ ಹಾಗೂ ಇತರೆ ಕಲಾವಿದರೂ ನೀಡಿದ ಮಾಹಿತಿಯೂ ಮೇಳೈಯಿಸಿಕೊಂಡ ಕಾವ್ಯದ ಕಥನ ರೂಪದ ಸಾರ ಇಲ್ಲಿರಿಸಲಾಗಿದೆ.
475,ಉದಯವಾಣಿಯೊಂದಿಗೆ ಹಂಚಿಕೊಂಡ ಮಾತುಗಳ ಸಾರ ಇಲ್ಲಿದೆ.
476,ಹಾಗಂತ ಅವರು ಎಲ್ಲವನ್ನು ಸಾರ ಸಗಟವಾಗಿ ಆಯ್ಕೆ ಮಾಡಿದರು ಎಂದರ್ಥ ಅಲ್ಲ.
477,ಇದರೊಂದಿಗೆ ಇನ್ನು ಕೊಟ್ಟಿಗೆ ಗೊಬ್ಬರದಂಥ ಸಾವಯವ ಸಾರ ಬಳಕೆಗೆ ಮೊದಲು ಮಾಡಿದರು.
478,ಅವುಗಳ ಸಾರ ತತ್ವ ಒಂದೇ ಇದೆ.
479,ಇದರ ಸಾರ ಉತ್ಪಾದಿಸಲಾಗುತ್ತದೆ ಗ್ಲೈಕೊಲಿಕ್ ಆಮ್ಲದ ದ್ರಾವಣವನ್ನು ಚರ್ಮದ ಚಿಕಿತ್ಸೆಗೆ ಒಳಗೊಂಡಿದೆ ಕಬ್ಬು.
480,"ಇಂತಹ ಉತ್ತಮ ಕೃತಿಯ ಸಾರ ಸಂಗ್ರಹಿಸಿ ಸುಲಭವಾಗಿ ಗ್ರಹಿಸಿ ಹಾಡಿಕೊಳ್ಳಲು ಮತ್ತು ಅಭಿನಯಿಸಲೂ ಆಗುವಂತೆ ಹಿರಿಯ ಪತ್ರಕರ್ತ, ಸಾಹಿತಿ , ಖ್ಯಾತ ಅಂಕಣಕಾರರೂ ಆಗಿರುವ ಪ್ರೊ."
481,ಸಾರ ಸಕ್ಕರೆ ಹಿಸುಕಿದ ಸ್ಟ್ರಾಬೆರಿ: ಪಾಕವಿಧಾನವನ್ನು ಗುಂಡಗಿನ ನಿಂಬೆ ಸಾಸ್
482,ಈ ಸಸ್ಯದ ಸಾರ ಆಧರಿಸಿ ಸಿಹಿ ನಿರಂತರವಾಗಿ ಮಧುಮೇಹ ಮತ್ತು ಬೊಜ್ಜು ಜನರಿಗೆ ಪ್ರಶಂಸಿಸಲಾಗಿದೆ.
483,"ಸರಳವಾದ ಶೈಲಿಗಳಿಗೆ ಆದ್ಯತೆ ನೀಡಲಾಗುವುದು, ಆಡಂಬರದ ಹೊದಿಕೆಯಿಲ್ಲದೆ, ಸಾಕಷ್ಟು ರಚೆಸ್ಗಳು - ಅಡಿಗೆ ಆವರಣಗಳು, ಒಂದು ಸಾರ ಕೂಡ, ತೊಳೆಯಬೇಕು."
484,", ಶಾಖ ತೆಗೆದುಹಾಕಿ ಕಾಫಿ ಸಾರ (ಅಥವಾ ಕಾಫಿ) ಮತ್ತು ಆಲ್ಕೋಹಾಲ್ ಸೇರಿಸಿ."
485,"ಇದಕ್ಕೆ ಪರಿಹಾರವಾಗಿ ಸೂಚನೆಗಳು, ತಿನ್ನುವ ಮೊದಲು ಅರ್ಧ ಗಂಟೆ ಕುಡಿಯುವ ಸಾರ ನೀರು (ಎಂಬತ್ತು ಬಗ್ಗೆ ಗ್ರಾಂ) ಒಂದು ಸಣ್ಣ ಪ್ರಮಾಣವನ್ನು ಹರಡಿ ಶಿಫಾರಸು."
486,"ಹೆಚ್ಚು ಏನು, ಅಮೆರಿಕನ್ ಬಟಾನಿಕಲ್ ಕೌನ್ಸಿಲ್ ಸಂಶೋಧನೆಗಳು ನೀಡಿದ, ಲಭ್ಯವಿರುವ ಅಧ್ಯಯನಗಳು ಪರೀಕ್ಷೆ ಕೆಲವು ದ್ರಾಕ್ಷಿ ಬೀಜ ಸಾರ ಉತ್ಪನ್ನಗಳನ್ನು ಬಹಿರಂಗಪಡಿಸದ ಪದಾರ್ಥಗಳು ಹೊಂದಿರಬಹುದು (ಮತ್ತು ಆ ಅಂಶಗಳನ್ನು ಉತ್ಪನ್ನಗಳ ಆರೋಗ್ಯ ಪರಿಣಾಮಗಳು ಭಾಗಶಃ ಜವಾಬ್ದಾರಿ ಇರಬಹುದು)."
487,"ಆಳಂದ: ಅಕ್ಕಲಕೋಟದ ಸದ್ಗುರು ರೇವಣಸಿದ್ಧ ಶಿವಶರಣ ಸ್ವಾಮೀಜಿ ಭಕ್ತರಿಗೆ ಐತಾನಾಗುವ ಮಾರ್ಗ ತೋರಿದವರು, ಸರ್ವ ಧರ್ಮಗಳ ಸಾರ ಒಂದೇ ಆಗಿದೆ."
488,ವೆನಿಲ್ಲಾದ ಸಾರ - 1 ಟೀಚಮಚ;
489,ಬಗೆಯ ಹಳದಿ ಹೂಗಿಡ ಸಾರ ಸಿದ್ಧಪಡಿಸಿಕೊಂಡಿದ್ದರು ಇದೆ.
490,ಸ್ಟ್ರಾಬೆರಿ - 30 ನೈಸರ್ಗಿಕ ಸ್ಟ್ರಾಬೆರಿ ಸಾರ ಹನಿಗಳು;
491,ಸಹ ½ ಕಪ್ ಹುಳಿ ಕ್ರೀಮ್ ಮತ್ತು ವೆನಿಲ್ಲಾ ಸಾರ 1 ಟೀ ಚಮಚ ಇಲ್ಲ ಸುರಿಯುತ್ತಾರೆ.
492,"ಈಗಾಗಲೇ ಮಹೇಶ್ ಭಟ್ ಮಗಳು ಆಲಿಯಾ ಭಟ್, ಸೈಫ್ ಅಲಿ ಖಾನ್ ಮಗಳು ಸಾರ ಬಣ್ಣದ ಲೋಕದಲ್ಲಿ ಪಾದಾರ್ಪಣೆ ಮಾಡಿದ್ದು, ಅವರ ಮಧ್ಯೆ ದಿಶಾನಿಯ ಎಂಟ್ರಿ ಹೇಗೆ ಸಂಚಲನ ಮೂಡಿಸುತ್ತದೆ ಎಂದು ನೋಡಬೇಕಾಗುತ್ತದೆ."
493,"ತರುವಾಯ ತಂತ್ರಜ್ಞಾನ, ಆದರೆ ಅದರ ಸಾರ ಒಂದೇ ಉಳಿದಿದೆ - ಪರಿಹಾರಗಳನ್ನು ರಾಸಾಯನಿಕ ಸ್ಥಳಾಂತರ."
494,"ಹೆಚ್ಚಿನ ಕೂದಲು ಬೆಳವಣಿಗೆ ಮತ್ತು ಚೇತರಿಕೆ ಪ್ರಚಾರ, ಕೂದಲು ಸೀರಮ್ ಬೆಳವಣಿಗೆ ಪದಾರ್ಥಗಳನ್ನು ಒಳಗೊಂಡಿರಬಹುದು: ಬ್ರೂವರ್ ತಂದೆಯ ನಡುಕ ಪ್ರೊವಿಟಮಿನ್ B5, ಇನ್ನಿತರ ಸಾರ ಮತ್ತು ಗಿಡ, ಕ್ಯಾಸ್ಟರ್ ಅಥವಾ burdock ತೈಲ."
495,"ಇಲ್ಲಿ, ದೂರದ ಶಬ್ದ ಮತ್ತು ಪ್ರವಾಸಿಗರು, ನೀವು ಪೂರ್ವ ತತ್ವಶಾಸ್ತ್ರ ಸಾರ ತಿಳಿಯಲು ಸಾಧ್ಯವಾಗುತ್ತದೆ."
496,"ವಿಧಾನ ಡೇವಿಡ್ ಅಲೆನ್ ವ್ಯಾಪಕವಾಗಿ ಕಾರಣ ಲಭ್ಯತೆ ಮತ್ತು ಬಳಕೆಯ ಸುಲಭ ಬಳಸಲಾಗುತ್ತದೆ, ಲೇಖಕ ಸ್ವತಃ ಕರೆ ರೂಪದಲ್ಲಿ ಅದರ ಸಾರ ಒದಗಿಸುತ್ತದೆ ಬದುಕಲು ಸಮಯ!"
497,ಪ್ರೇಮದ ಸಾರ ಅಥವಾ ಶೃಂಗಾರ ರಸವು ಎಲ್ಲಾ ರಸಗಳಿಗೆ ಕಾರಣವಾಗಿದೆ.
498,ಎಲ್ಲ ಧರ್ಮಗಳ ಸಾರ ಒಂದೇ ಆಗಿದೆ.
499,"ಇದರ ಸಾರ ನಾವು ಒಂದು ಸಂಖ್ಯಾತ್ಮಕ ಅನುಕ್ರಮವು ಮೊದಲ ಕೆಲವು ಪದಗಳು, ಹಾಗೂ ವಿಶೇಷ rekkurentnaya ಸೂತ್ರ ಹಿಂದಿನ ಸದಸ್ಯರ ತಿಳಿದಿದ್ದ ಇದು ಮೂಲಕ ನೀವು ಮುಂದಿನ ನೀಡಿ ನೀಡಲಾಗುತ್ತದೆ ಎಂದು ವಾಸ್ತವವಾಗಿ ಇರುತ್ತದೆ."
500,ನಾವು ಒಂದು ಸಾರ ಆದೇಶ
501,ತತ್ವ ಸಾರ ವಾಸ್ತವವಾಗಿ ರೀತಿಯ ಸನ್ನಿವೇಶಗಳಲ್ಲಿ ಎಲ್ಲಾ ಜಡತ್ವದ ಉಲ್ಲೇಖ ವ್ಯವಸ್ಥೆಗಳು ಯಾಂತ್ರಿಕ ಪ್ರಕ್ರಿಯೆಗಳು ಒಂದೇ ಎಂದು ನೆಲೆಸಿದೆ.
502,ಇದರ ಸಾರ ಎಂದು ವಾಸ್ತವವಾಗಿ ಇರುತ್ತದೆ ಏಕಕಾಲಿಕ ಅಥವಾ ಸತತ ವಿಶೇಷ ಪಾತ್ರ ಸ್ವಾಗತ ನಡೆಸುವಲ್ಲಿ ಎರಡು ಗುಂಡಿಗಳನ್ನು ಫಲಿತಾಂಶಗಳ ಗಹನವಾದ.
503,ಎಲ್ಲಾ ಅದೇ ಸಂಯೋಜನೆ ಜೊತೆಗೆ ಎಂದರೆ ಸ್ವಾರಸ್ಯಕರ ಸುಗಂಧ ನೀಡುತ್ತದೆ ಇದು ಹಸಿರು ಚಹಾದ ಸಾರ ತೈಲದ.
504,"ಕಾಗದದ ಸ್ಟ್ರಿಪ್ಸ್ ಬಳಸಿ ಬೌಲ್ ಶೈತ್ಯೀಕರಿಸಿದರೂ ಚೀಸ್ ಕೇಕ್ ಸಾರ ಮತ್ತು ರಾತ್ರಿಯ, ಪಾಕಶಾಲೆಯ ಸುತ್ತುವುದನ್ನು ಚಿತ್ರ ರೆಫ್ರಿಜರೇಟರ್ನಲ್ಲಿ ಪುಟ್."
505,"ಅದರ ಸಾರ ತಿಳಿಯಲು ಸಲುವಾಗಿ, ಇದು ಜೀವಕೋಶದ ಶಕ್ತಿ ಅಪೂರ್ವತೆಯನ್ನು ಪರಿಗಣಿಸಬೇಕೆ ಅಗತ್ಯ."
506,"ಉತ್ಪನ್ನದ ಮೂಲಿಕೆಗಳ ಸಾರ ಒಳಗೊಂಡಿರುವ ವಾಸ್ತವವಾಗಿ ಕಾಡು ಯಾಮ್, ಲೈಂಗಿಕ ಹಾರ್ಮೋನ್ ಸಾದೃಶ್ಯಗಳು - ಇದು ಫೈಟೊಸ್ಟ್ರೊಜನ್ಗಳನ್ನು ಮೂಲವಾಗಿದೆ."
507,ಕಾಸ್ಮೆಟಿಕ್ ಒಂದು ರಾಸ್ಪ್ಬೆರಿ ಪಡೆದ ಸಾರ ಬಳಸಿ.
508,"ಜೀವನ ದರ್ಶನ ಪ್ರವಚನ ಸಾರ ಉದ್ಯೌಗ, ವಿದ್ಯೆ ಎರಡೂ ಮುಖ್ಯ"
509,ಅವಕ್ಯಾಡೋದ ಒಳಗಿನ ಸಾರ ಹಾಗೂ ನಿಂಬೆರಸದ ಮಿಶ್ರಣ ಕತ್ತನ್ನು ಬೆಳ್ಳಗಾಗಿಸುತ್ತದೆ ಅಲ್ಲದೇ ಒಣ ಚರ್ಮವನ್ನು ಮೃದುಗೊಳಿಸುತ್ತದೆ.
510,"ಕೆಲವು ವಿಷಯಗಳ ಅಧ್ಯಯನ ನಂತರ, ಬೇರೆಯವರ ಅದರ ಸಾರ ವಿವರಿಸಲು ಪ್ರಯತ್ನಿಸಿ."
511,2011ರಲ್ಲಿ ನಡೆಸಿದ ಅಧ್ಯಯನವು ಬೆಳ್ಳುಳ್ಳಿಯನ್ನು ಸಾರ ರೂಪದಲ್ಲಿ ಪ್ರಯೋಗಕ್ಕೊಳಪಡಿಸಿದಾಗ ಹಿಂದಿನ ಅಧ್ಯಯನದ ಸಂಶೋಧನೆಗಳನ್ನು ದೃಢ ಪಡಿಸಿತು.
512,ಅಸಲಿಗೆ ಈ ಸಾರ ಯಾರು.
513,ಸಾರ ಪರಕಾಯ ಪ್ರವೇಶಮಂ ಬಯಸುವ ವಿ
514,ಬೆಳ್ಳುಳ್ಳಿ ಸಾರ ಏಜೆಂಟ್ ಬಲಪಡಿಸುವ ಇದೆ.
515,ಕ್ಯಾಮೊಮೈಲ್ ತೈಲ ಸಾರ - 1 ಟೀಚಮಚ;
516,"ಕನಸಿನಲ್ಲಿ ಪ್ರತಿಯೊಂದು ವಸ್ತುವೂ ತನ್ನದೇ ಮೌಲ್ಯವನ್ನು ಹೊಂದಿದೆ, ಮತ್ತು ಹೇಗಾದರೂ, ಇದು ಅದರ ಸಾರ ಸಂಪರ್ಕ."
517,"ಸಂವಿಧಾನದ ಮಹತ್ವ ಸಾರ ಉಣಬಡಿಸಿರುವ ಅಂಬೇಡ್ಕರ ಅವರ ಬದುಕಿನ ಯಶೋಗಾಥೆ ನಿಜಕ್ಕೂ ರೋಚಕ,ಇಂಥ ಅಪರೂಪದ ವ್ಯಕ್ತಿಯ ಸ್ಮರಣೆ ಇಂದು ಸ್ಮರಿಸುತ್ತಿರುವುದು ಔಚಿತ್ಯಪೂರ್ಣವಾಗಿದೆ ಎಂದು ಅವರು ಹೇಳಿದರು."
518,ಇದರ ಸಾರ ವಾಸ್ತವವಾಗಿ ತೆರಿಗೆ ದರಗಳು ಕಡಿಮೆ ಅಲ್ಪಾವಧಿಯಲ್ಲಿ ಸರ್ಕಾರ ಆದಾಯದ ಕಡಿಮೆಗೊಳಿಸುತ್ತದೆ ಎಂದು ವಾಸ್ತವವಾಗಿ ಇರುತ್ತದೆ.
519,"ಇದರ ಸಾರ ಒಂದು ಮೈಂಡ್ ಭಾವಿಸಲಾದ ಅಸ್ತಿತ್ವ, ಯಾವುದೇ ಕಾಲಾವಧಿಯಲ್ಲಿ ನಡೆದ ಸಾಮರ್ಥ್ಯವನ್ನು ಅದರ ಅಭಿವೃದ್ಧಿ ವಿಶ್ಲೇಷಿಸಲು ಮತ್ತು ಮುಂದಿನ ಅಭಿವೃದ್ಧಿ ತಿಳಿಯುವುದು, ಬ್ರಹ್ಮಾಂಡದ ಯಾವುದೇ ಕಣದ ಗ್ರಹಿಸುವ ಆಗಿತ್ತು."
520,"ಇದು ಪರಿಹಾರ ರೂಪದಲ್ಲಿ ಉತ್ಪಾದನೆಯಾಗುತ್ತದೆ, ಮತ್ತು ಸಕ್ರಿಯ ಅಂಶವನ್ನು ಸಾರ ಬಳಕೆಯ ಮಾತ್ರೆಗಳು ಕೆ ಸಾಮಾನ್ಯ prostrata."
521,ಸೇರೆಗಾರರು ಅಲ್ಲೊಂದು ಸಾರ ಹಾಕಿದೆ.
522,ವಚನಗಳ ಸಾರ ಜೀವನದಲ್ಲಿ ಅಳವಡಿಸಿಕೊಳ್ಳಬೇಕು ಎಂದರು.
523,"ಅದರಲ್ಲೂ ಶಿವರಾಮಕಾರಂತರು ಮಣ್ಣಲ್ಲಿ ಬೇರಡಗಿಸಿಟ್ಟು, ಮಣ್ಣಿನ ಸಾರ ಹೀರಿ ಬಾನಿನೆಡೆಗೆ ತೆರೆದು ನಿಂತ ಹೂವಿನ ಹಾಗೆ."
524,"ಮೊದಲ ಸುಗಂಧ ಎರಡನೇ ಸಹಸ್ರಮಾನದ BC ಜೀವಿಸಿದ್ದ Tapputi ಎಂಬ ಮಹಿಳೆ ಪರಿಗಣಿಸಲಾಗಿದೆ ಅವರು ಸಾರಭೂತ ಮೇಲೆ ಆಧಾರಿತವಾದ ಆರೊಮ್ಯಾಟಿಕ್ ಸಂಯೋಜನೆ ರಚಿಸಿದ, ಹೂವಿನ ಸಾರ ರಕ್ತಬೋಳ, ಫಿಲ್ಟರ್, ಮತ್ತು ಡಿಸ್ಟಿಲ್ಡ್ ವಾಟರ್."
525,ಅತ್ಯಂತ ಅನನುಭವಿ ಛಾಯಾಗ್ರಾಹಕ ತ್ವರಿತವಾಗಿ ಸಾರ ತಿಳಿಯಲು.
526,"ಏನಾದರೂ ಆಗು ಮೊದಲು ಮಾನವನಾಗು ಎಂಬ ಕವಿತೆಯ ಸಾರ ವಿಶ್ವ ಮಾನವ ಸಂದೇಶಕ್ಕೆ ಸಾಟಿಯಾಗಿದೆ ಎಂದ ಅವರು, ಈ ನಿಟ್ಟಿನಲ್ಲಿ ಇಂದಿನ ಯುವ ಜನತೆಗೆ ಸಿದ್ಧಯ್ಯ ಪುರಾಣಿಕ ಅವರ ವಿಚಾರಗಳು ಸ್ಫೂರ್ತಿ ಕೊಡುತ್ತವೆ ಎಂದು ಹೇಳಿದರು."
527,ಒಟ್ಟಾರೆಯಾಗಿ ಸಮ್ಮೇಳನದಲ್ಲಿ ವ್ಯವಸ್ಥೆಗಳು ಸರಿ ಇಲ್ಲ ಎಂದು ಸಾರ ಅಸಮಾಧಾನ ವ್ಯಕ್ತ ಪಡಿಸಿದ್ದಾರೆ.
528,ಷೇರುದಾರರ ರಿಜಿಸ್ಟರ್ ಸಹಾಯ-ಒಂದು ಸಾರ ಪಡೆಯಿರಿ.
529,ವಿಜ್ಞಾನದ ಅನುಭವಜನಿತ ಪ್ರಮುಖ ವ್ಯತ್ಯಾಸವೆಂದರೆ ವಿಜ್ಞಾನದ ವಸ್ತುಗಳ ಮುಖ್ಯ ಸಾರ ಒಳಗೆ ಮತ್ತು ಪ್ರಕ್ರಿಯೆಗಳ ವ್ಯಾಪಿಸಿರುವ ಮತ್ತು ಪ್ರಾಯೋಗಿಕ ಜ್ಞಾನವು ಕೆಲವು ವಸ್ತುಗಳು ಅಥವಾ ಕ್ರಿಯೆಗಳ ಸಾಮಾನ್ಯ ಲಕ್ಷಣಗಳನ್ನು ರಕ್ಷಣೆ ಎಂಬುದು.
530,"ನಮಗೆ ಕೆಲಸವನ್ನು ಸಾರ ತಿಳಿಯಲು ಅನುಮತಿಸುವ ಒಂದು ಸಾರಾಂಶವನ್ನು ಶುಗರ್ ಬೇಬಿ, ಇದು ಬಹಳ ನಿಷ್ಠೆಯ ಕಾದಂಬರಿ."
531,ಗೊನಾರ್ಟ್ರೊಸಿಸ್ ಮತ್ತು ಕಾಕ್ಸ್ಟಾರ್ಟ್ರೋಸಿಸ್ಗಾಗಿ ವಿಲೋ ತೊಗಟೆ ಸಾರ (ಸಾಲಿಸಿಸ್ ಕಾರ್ಟೆಕ್ಸ್) - ನಿಯಂತ್ರಣ ಗುಂಪಿನೊಂದಿಗೆ ಸಮಂಜಸ ಅಧ್ಯಯನದ ಫಲಿತಾಂಶಗಳು.
532,"ಅವರ ದರ್ಶನದ ಸಾರ ಮಹಾಭಾರತದ ಆರಂಭದಲ್ಲಿ ಕೊಡಲಾಗಿದೆ : ಯಾವ ಬೆಳಕೂ ಇಲ್ಲದ, ವಿಶ್ವದ ವ್ಯಾಪಾರ (ಕ್ರಿಯೆ-ಪ್ರತಿಕ್ರಿಯೆ) ರಾಶಿಗಳನ್ನು ನೋಡಬಲ್ಲ ಕಣ್ಣೂ ಇಲ್ಲದ, ಮಹಾಂಧಕಾರ ತುಂಬಿದ ಶೂನ್ಯಸ್ಥಿತಿಯಲ್ಲಿ ವಿಶ್ವ ನಿರ್ಮಾಣಕ್ಕೆ ಮೂಲ ಕಾರಣವಾದ ಶಕ್ತಿರಾಶಿ ಅಂಡರೂಪದಲ್ಲಿತ್ತು."
533,"ಬುದ್ಧಿ ಶಕ್ತಿಯ ಬಗೆಗಿನ ಸಾಂಪ್ರದಾಯಿಕ ದೃಷ್ಟಿ, ಬುದ್ಧಿ ಸೂಚ್ಯಂಕ ಆಧಾರಿತ ಪರೀಕ್ಷೆಗಳು, ಬಹುವಿಧ ಬುದ್ಧಿ ಶಕ್ತಿಗಳ ಸಿದ್ಧಾಂತ, ಅದರ ಶೈಕ್ಷಣಿಕ ಪ್ರಾಯೋಗಿಕತೆ ಹಾಗೂ ಸಿದ್ಧಾಂತದ ಬಗ್ಗೆ ಉದ್ಭವಿಸಿರುವ ಟೀಕೆ ಟಿಪ್ಪಣಿಗಳನ್ನು ಸಾರ ರೂಪದಲ್ಲಿ ಈ ಕೃತಿ ಹಿಡಿದಿಡುತ್ತದೆ."
534,"ಈ ಒಂದು ಸುಂದರ ಹೂವು, ಆದರೆ ಸಾರ ಮಸಾಲೆ ಮತ್ತು ಔಷಧೀಯ ಸಸ್ಯ ಕೇವಲ."
535,ತಂತ್ರ ಮುಖ್ಯ ಸಾರ - ಮತ್ತು ವಾಣಿಜ್ಯ ವ್ಯಾಪಾರದ ಚಾನಲ್ ವಿಧಾನದ ಬಳಕೆಗೆ ಟ್ರೆಂಡ್ ಗೆರೆಗಳ ಇದು ಬಹಳ ಕೆಲಸ ಚಾನಲ್ ನಿರ್ಮಾಣಕ್ಕೆ ಬಳಸಲಾಗುತ್ತದೆ.
536,ಅದರ ಪ್ರತಿನಿಧಿಗಳು ಔಷಧ Tanakan ಗಿಂಕ್ಗೊ ಬಿಲೋಬ ಎಲೆಗಳಲ್ಲಿ ಸಾರ ಸೇರಿದಂತೆ ಅನೇಕ ಇತರೆ ಚಿಕಿತ್ಸೆ ಅತ್ಯಂತ ಅಧ್ಯಯನ ಎಂದಿವೆ.
537,ಸುಶಾಂತ್ ಸಿಂಗ್ ರಜಪೂತ್ ಮತ್ತು ಸಾರ ಅಲಿ ಖಾನ್ ನಾಯಕ ನಾಯಕಿಯಾಗಿದ್ದಾರೆ.
538,ಜನತೆಯ ಸಾರ್ವಭೌಮತ್ವದಲ್ಲಿ ನಮ್ಮ ಸಂವಿಧಾನದ ಕೇಂದ್ರ ಸಾರ ಅಡಗಿದೆ.
539,ಇಂತಹ ಚಟುವಟಿಕೆಗಳು ಸಾರ ತಿಳಿಯಲು ಆರಂಭಿಸಲು.
540,"ಗ್ರಾಮ ಸರ್ಕಾರ ಚಿಂತನೆ ವಾಸ್ತವದಲ್ಲಿ ಕಾರ್ಯರೂಪಕ್ಕೆ ಬರಬೇಕಾದರೆ ಈ ಕ್ಷಣದಲ್ಲಿ ಆಗಬೇಕಾದ ಬದಲಾವಣೆಗಳ ಬಗ್ಗೆ ಪಂಚಾಯತ್‌ ರಾಜ್ ವಿಷಯ ಪರಿಣಿತರು, ನಿವೃತ್ತ ಅಧಿಕಾರಿಗಳು ಮಂಡಿಸಿದ ವಿಷಯಗಳ ಸಾರ ಹಾಗೂ ನಿರ್ಣಯಗಳನ್ನು ಸರ್ಕಾರದ ಮುಂದಿಡಲು ತೀರ್ಮಾನಿಸಲಾಯಿತು."
541,"ಇದು ದೇಹದ ಕೊಬ್ಬಿನ ಹೋರಾಡುತ್ತಿದ್ದಾರೆ, ಕಾಫಿ ಸಾರ ಒಳಗೊಂಡಿದೆ."
542,"ಡೀಪ್, ಸಂಸ್ಕರಿಸಿದ ಗುಣ, ಜೀವನದ ಸಾರ ಬಗ್ಗೆ ಯೋಚಿಸುವುದು ಪ್ರೀತಿ ಯಾರು, Oblomov, ತನ್ನ ಪ್ರಕ್ಷುಬ್ಧ ಆತ್ಮದ ಅಲೆದಾಡುವ ಮತ್ತು ಹುಡುಕಲು ಅನುಭವಗಳನ್ನು ತಿಳಿಯಬಹುದು ಸಾಧ್ಯತೆ."
543,ಬೆಳಿಗ್ಗೆ ಕಾಫಿಯನ್ನು ಮಡಕೆಯಲ್ಲಿ ಮಾಡಿದರೆ ಪರಿಮಳ ಬರುವುದರೊಂದಿಗೆ ಮಣ್ಣಿನ ಸಾರ ದೇಹಕ್ಕೆ ಸೇರುತ್ತದೆ.
544,ಕೆಳಗಿನಂತೆ ಇದರ ಸಾರ ಎನ್ನಲಾಗಿದೆ:
545,ಇನ್ನು ಜೀವರಸ ಸಾರ ಘಟಕವೂ ಇದೆ.
546,ಯಾರೂ ನೋಡಿದ ನಿಗೂಢ ಸ್ಥಳಗಳಲ್ಲಿ ಒಂದು ರೀತಿಯ - ಅದರ ಸಾರ ವಾಸ್ತವವಾಗಿ ಓಯಸಿಸ್ ನೆಲೆಸಿದೆ.
547,ಇದು ಭಾಗವತಧರ್ಮದ ಸಾರ ತುಂಬ ಪ್ರಾಚೀನ ಧರ್ಮವಿದು ಭಗವಂತ ಯಾವಾಗಲೂ ವಾತ್ಸಲ್ಯ – ಕೃಪೆ – ಕರುಣೆ – ಪ್ರೇಮ ಗುಣಗಳೊಡಗೂಡಿದವನು.
548,ಈ ಸಸ್ಯದ ಸಾರ ಪ್ರಮುಖ ಔಷಧೀಯ ಗುಣಗಳನ್ನು:
549,"ಇಲ್ಲ ವೆನಿಲ್ಲಾ ಸಾರ ಸೇರಿಸಲ್ಪಟ್ಟ, ಸಹ ಸಾಮಾನ್ಯ, ನೀರು."
550,"ರಹಸ್ಯಾಗಮಗಳೇ ಗುಹ್ಯ, ಸರ್ವಪದಾರ್ಥ ಸಿದ್ಧಿಯೇ ನಾಭಿ, ಸರ್ವತತ್ವಂಶರ್ಗತವೆ ಗರ್ಭ, ಉಪಶಾಸ್ತ್ರಂಗಳೆ ರೋಮಂಗಳು, ಉದಾತ್ತನುದಾತ್ತ ಸ್ಪುರಿತ ಪ್ರಚಯಂಗಳೇ ಚರಣಂಗಳು, ವೇದಂಗಳೇ ಅಂಗ, ಪರಮ ವೀರಶೈವಾಗಮವೇ ಪ್ರಾಣ, ಇಂತಪ್ಪ ಸರ್ವಜ್ಞತ್ವ ಮೂರ್ತಿಯಾದ ವೃಷಭೇಶ್ವರನ ಭಕ್ತಿ ಸಾರೋದ್ಧಾರ ಪ್ರಭಾವವೆಂತೆಂದೊಡೆ| ನಿರ್ಮೋಹ ನಿರಹಂಕಾರವೇ ಶೃಂಗಗಳು, ನಮಸ್ಕಾರವೇ ಶಿರಸ್ಸು ಅಂತರ‍್ ಬಾಹ್ಯ ನಾದಂಗಳೇ ಕರ್ನಂಗಳು, ಮನನ ನಿಧಿಧ್ಯಾಸನಂಗಳೇ ನೇತ್ರಂಗಳು, ಶಿವಧ್ಯಾನ ಸಂಸ್ಕಾರ ಸಾರಭವವೇ ನಾಸಪುಟಂಗಳು, ಸತ್ಯವೇ ಮುಖ ಸದ್ಗುಣ ಗಣವೇ ದಂತಪಂಕ್ತಿಗಳು, ಶಿವರತಿ ಸಾರ ಸೌಖ್ಯವೇ ಜಿಹ್ವೆ, ಶಿವಾನುಭಾವ ಪ್ರತಿಪಾದಕ ಗುಣ ಷಟ್ಕವೇ ಓಂಕಾರ ರವ, ದೃಢಭಾವವೇ ಕಂಠ, ನಿಷ್ಠಿಯೇ ಹಿಣಿಲು, ಏಕದೇವ ವೃಷ್ಠಾವಹಿತ್ವವೇ ಬೆನ್ನಸುಳಿ ಭವಸಾರೋತ್ತಾರ ಪಾರಾವಾರ ಗುಣವೇ ಬಾಲ, ಅಲೌಕಿಕ ಸ್ಥತಿಯೇ ಪೃಷ್ಠ, ಇಷ್ಠಾರ್ಥಸಿದ್ಧಿಕರವೇ ವೃಷಣ, ಶಿವಜ್ಞಾನ ರಹಸ್ಯವೇ ಗುಹ್ಯ, ಚಿದಾಕಾಶವೇ ನಾಭಿ, ಶಿವಕಥಾ ಮಹಿಮಾಗುಣ ಗರ್ಭಿಕೃತವೇ ಗರ್ಭ, ಸಕಲ ಕ್ರಿಯಾ ಸಂಪತ್ತೇ ರೋಮಂಗಳು, ಕರ್ಮ, ಭಕ್ತಿ, ಜ್ಞಾನ, ವೈರಾಗ್ಯಂಗಳೇ ಚರಣಂಗಳು, ಸದ್ಭಕ್ತಿಯೇ ಅಂಗ, ಸಮ್ಯಜ್ಞಾನವೇ ಪ್ರಾಣ, ಇಂತಿಪ್ಪ ಭಕ್ತಿ ಪ್ರಭಾವ ಮೂರ್ತಿಯಾದ ವೃಷಭೇಶ್ವರನ ಸರ್ವದೇವತಾ ಸಾರೋದ್ಧಾರವೆಂತೆಂದೊಡೆ|"
551,ಸಾರ ಸುಡುವುದು ಕೈದು ಹಿಡಿದರೆ ಕಲಿಗಳೇ ದ್ವಿಜರು
552,"ಲೇಖನ ವಿವರಗಳು ಹೋಗದೆ, ಥೀಮ್ ಸಾರ ತಿಳಿಯಲು ಬಯಸುವ ಜನರಿಗೆ ಆಸಕ್ತಿಯ ಇರುತ್ತದೆ."
553,"ಕಾರಣ ಲೇಖಕರ ಪೋಷಕರು ಕಥೆಗಳನ್ನು ಕಷ್ಟ ಸಂದರ್ಭಗಳಲ್ಲಿ ಒಂದು ರೀತಿಯಲ್ಲಿ ಕಂಡುಹಿಡಿಯಲು ಸಾಧ್ಯವಾಗುತ್ತದೆ, ಮತ್ತು ಮಕ್ಕಳ ಅರ್ಥ ಮತ್ತು ಜೀವನದ ಸಾರ ಬಗ್ಗೆ ಪ್ರಶ್ನೆಗಳಿಗೆ ಉತ್ತರಗಳನ್ನು ಕಾಣಬಹುದು."
554,ಈ ಕಲ್ಪನೆಗಳ ಸಾರ ಅನೇಕ ಸಂದರ್ಭಗಳಲ್ಲಿ ಗೊಂದಲ ಕಾರಣವಾಗುತ್ತದೆ ಸಾಕಷ್ಟು ಸನಿಹವಾಗಿದೆ.
555,"ಮಧ್ಯಾಹ್ನ 12 ಗಂಟೆಗೆ ಮೂರು ಮಂದಿ ಸಾಧಕರಿಗೆ ತುಳುರತ್ನ ಪ್ರಶಸ್ತಿ ಪ್ರದಾನ ಜತೆಗೆ ವಿವಿಧ ಸಾಧಕರಿಗೆ ಸನ್ಮಾನ,ಮಧ್ಯಾಹ್ನ 2 ಗಂಟೆಗೆ ತುಳುಭಾಷಾ ಪ್ರಾದೇಶಿಕ ವೈವಿಧ್ಯತೆಗಳ ಬಗ್ಗೆ ವಿಚಾರಗೋಷ್ಠಿ ಸಾರ ಎಸಳ್‍ದ ತಾಮರೆ ಜರಗಲಿದೆ."
556,"ಹಣಕಾಸು ಸಾರ - ಹಣದಲ್ಲಿ ರಚನೆ, ವಿತರಣೆ ಮತ್ತು ಬಳಕೆ"
557,ಏಕೆ ನಾವು ಬೇಕು ಅದರ ಸಾರ ಏನು?
558,ಕಂಡೋಡಿ ಉಚ್ಚು ಕಿನ್ನಿ ದೀನಗ ಸಾರ ಕಿನ್ನಿ ದೀಪುಂಡುಗೆ ಅದಗ ಕುಪುಲುಗ್ ಕನ ಕನಕಟ್ಟುಂಡುಗೆ.
559,"ಶಾಖ ಚಿಕಿತ್ಸೆ ಹೊರಡುವ ಮುನ್ನ ಮೂಳೆಗಳು ಮತ್ತು ಬಾಹ್ಯ ಕೊಬ್ಬಿನ ಪದರವನ್ನು ಇಲ್ಲದೆ ಮಾಂಸ ಸಾರ ತುಣುಕು ಬಿಗಿಯಾಗಿ ತಳ್ಳಬೇಕು, ಮತ್ತು ನಂತರ ಬಿಗಿಯಾಗಿ ಅಡಿಗೆ ಥ್ರೆಡ್ ಟೈ."
560,ಎಲ್ಲಾ ಪ್ರಾರ್ಥನೆಗಳ ಸಾರ ಸತ್ಯ.
561,"ನೀವು ನಿಂಬೆ ಪೈ ಬೇಯಿಸುವುದು ವೇಳೆ, ಬಾದಾಮಿ ಸಾರ ಸೂಕ್ತ ಪರ್ಯಾಯಕ್ಕಾಗಿ ಎಂದು."
562,"Home ಕನ್ನಡ ವಾರ್ತೆಗಳು ಕರ್ನಾಟಕ ಸಿಹಿ, ಖಾರಗಳ ನಡುವಿನ ವಿಶಿಷ್ಟ ಸಾರ …."
563,ಸಾರಿ ಮೋಕ್ಷದ | ದಾರಿಯನು ಸಂ | ಸಾರ ಬಂಧವ | ತೀರಿ ಪರಚರ |
564,ಇದರ ಸಾರ ಶಸ್ತ್ರಾಸ್ತ್ರಗಳನ್ನು ಬಳಸದೆಯೇ ತೋಳುಗಳ ಬಲದ ಬಳಸುವುದು.
565,"ಸೇರೆಗರರು ಹೆದರಬೇಡಿ, ಬನ್ನಿ; ಇನ್ನೇನು ಸಾರ ಪೂರೈಸಿಹೋಯ್ತು ಎಂದು ದೊಣ್ಣೆಯನ್ನು ಮುಂದೆ ಮುಂದೆ ಎಳೆದರು."
566,ಇದರ ಸಾರ ಲೋಹದ ಲೇಖನ ಸತು ಒಳಗೊಂಡಿರುವ ವಿಶೇಷ ಪದಾರ್ಥಗಳನ್ನು ಚಿತ್ರಿಸಲಾಗುತ್ತದೆ ವಾಸ್ತವವಾಗಿ ಇರುತ್ತದೆ.
567,ಆರಾಧನಾ ಸಾರ : ದೇವಸೇನನ ಸಂಸ್ಕೃತ ಆರಾಧನಾ ಸಾರ ಇದರ ಕನ್ನಡ ವ್ಯಾಖ್ಯಾನ-ಕ್ರಿ.
568,"ಅದರಾಗ ನಮ್ಮ ಮನ್ಯಾಗ ಎಲ್ಲಾರೂ ಪಿಸಿ ಮಂದಿ, ನಮ್ಮವ್ವ ನನ್ನ ಹೆಂಡತಿ ಮಾಡಿದ್ದ ಸಾರಿಗೆ ನೂರಾ ಎಂಟ ಹೆಸರ ಇಡೋರ ಇನ್ನ ಮಂದಿ ಮನಿ ಸಾರ ಉಣ್ಣೊರ."
569,"ಸರಳವಾಗಿ, ಎಲ್ಲಾ ವಿದ್ಯಮಾನಗಳು ಸ್ವಯಂ ಸಾರ ಅಥವಾ ಸ್ವತಂತ್ರ ಅಸ್ತಿತ್ವವಿಲ್ಲದೆಯೇ ಬೋಧನೆಯಾಗಿದೆ."
570,ಪ್ರತಿಯೊಂದು ಚರ್ಚೆಯ ಸಾರ ದಾಖಲಿಸಿಕೊಂಡರು.
571,"ಇದು ತೆಂಗಿನ ಹಾಲು, ಜೇನು ಸಾರ ಮತ್ತು ರೋಗ ನಿರೋಧಕ ವ್ಯವಸ್ಥೆಯು ಸುಧಾರಿಸಿ ಮತ್ತು ಚರ್ಮದ ರಕ್ಷಣೆ ಸಕ್ರಿಯಗೊಳಿಸಲು ಉತ್ಕರ್ಷಣ ಒಳಗೊಂಡಿದೆ."
572,ಪುಟ್ಫ್ರಕ್ಷನ್ನ ಶುದ್ಧೀಕರಿಸಿದ ಸಾರ ಎಂದು ಯೋಚಿಸಿ.
573,ಕೊತ್ತಂಬರಿ ಸೊಪ್ಪಿನಲ್ಲಿ ಕಬ್ಬಿಣಾಂಶದ ಸಾರ ಹೇರಳವಾಗಿದ್ದು ರಕ್ತಹೀನತೆಯಿಂದ (ಎನಿಮಿಕ್) ಬಳಲುವವರು ಪ್ರತಿದಿನ ಬೆಳಿಗ್ಗೆ ಖಾಲಿ ಹೊಟ್ಟೆಯಲ್ಲಿ ಮೂರು ಚಮಚೆ ಕೊತ್ತಂಬರಿ ಸೊಪ್ಪಿನ ರಸವನ್ನು ಜೇನಿನೊಂದಿಗೆ ಬೆರೆಸಿ ಸೇವಿಸಬೇಕು.
574,ಸಮ್ಮೇಳನ ಸಾರ
575,ಸಾರ ಸಂಯೋಜನೆ ಪ್ರವೇಶಿಸುತ್ತದೆ ಮತ್ತು ಸಿಲಿಕ ಹೆಚ್ಚಾಗಿರುವ ಆಮ್ಲವನ್ನು ತನ್ನ ಪ್ರದರ್ಶನ ಅವಧಿಯಾದ್ಯಂತ ಕೂದಲು ರಚನೆ ಮರುಸ್ಥಾಪನೆ ಇದು.
576,"ಪುತ್ತೂರು ಅಗಸ್ಟ್ 19: ಜಾತಿ, ಮತ, ಧರ್ಮ ಎಂಬ ಬೇಲಿ ದಾಟಿ ಸರ್ವರು ಸೇರಿ ಹಬ್ಬ ಹರಿದಿನ, ಕ್ರೀಡಾಕೂಟಗಳಲ್ಲಿ ಪಾಲ್ಗೊಂಡಾಗ ಸಾಮರಸ್ಯದ ನಿಜವಾದ ಸಾರ ಅನಾವರಣಗೊಳ್ಳುತ್ತದೆ ಎಂದು ಮುಕ್ಕೂರು ಶ್ರೀ ಸಾರ್ವಜನಿಕ ಗಣೇಶೋತ್ಸವ ಸಮಿತಿ ಅಧ್ಯಕ್ಷ ಕುಂಬ್ರ ದಯಾಕರ ಆಳ್ವ ಹೇಳಿದರು."
577,ಹಲಸು ಸ್ನೇಹ ಸಂಗಮ ವತಿಯಿಂದ ನಡೆಯುವ ಹಲಸು ಸಾರ ಮೇಳದಲ್ಲಿ ಹಲಸಿನ ಉತ್ಪನ್ನಗಳಿಗೆ ಮಾತ್ರವೇ ಆದ್ಯತೆ ನೀಡಲಾಗುತ್ತಿದೆ.
578,ಇದನ್ನು ಎಲ್ಲ ವೇದಗಳ ತಳಹದಿಯ ಸಾರ ಎಂದು ಪರಿಗಣಿಸಲಾಗಿದೆ.
579,ನಾವು ದೇಹದ ಈ ಸಾರ ಬಳಕೆಯ ಪರಿಗಣಿಸಬೇಕು.
580,"ಅಳಿಸು ಚರ್ಮದ ಸಾರ ತೊಳೆದು ನಂತರ, ಬೆಳಿಗ್ಗೆ ಅಗತ್ಯ."
581,ವಚನ ಸಾರ ಅಳವಡಿಸಿಕೊಳ್ಳಿ- ಪಾಟೀಲ
582,"ಅಲ್ಲದೆ, ಇದು ಸಾರ ಎಚ್ಚರಿಕೆಯಿಂದ, ಉದಾಹರಣೆಗೆ, ಪೀನ ಹೊಂದಿರುವ ಮೂಲೋದ್ದೇಶಕ್ಕೆ ಕೇಕ್, ಬಹಳ ಕಷ್ಟ ಎಂದು ನಂಬಲಾಗಿದೆ."
583,"ಇದರ ಸಾರ ಅದೇ ಸಮಯದಲ್ಲಿ, ಅವರ ಆಯ್ಕೆ ವಿದ್ಯಾರ್ಧಿಗಳಿಗೆ ರಷ್ಯನ್ ವಿಶ್ವವಿದ್ಯಾಲಯಗಳು ಮತ್ತು ವಿದೇಶಿ ಪಾಲುದಾರ ವಿಶ್ವವಿದ್ಯಾಲಯ ತಮ್ಮ ಶಿಕ್ಷಣವನ್ನು ಪಡೆಯುತ್ತಾರೆ ಎಂದು ವಾಸ್ತವವಾಗಿ ಇರುತ್ತದೆ."
584,"ಆದರೂ, ನಮ್ಮ ದೇಶದಲ್ಲಿ ಈ ಹಣ್ಣಿನ ಕೊರತೆಯಿಂದಾಗಿ, ನೀವು ಕೇವಲ ಹುಣಿಸೇಹಣ್ಣು ಸಾರ ಕೂಡಿದೆ, ಇದರಿಂದಾಗಿ ಸಾಬೂನು ಮತ್ತು ನೀರು, ಬಳಸಬಹುದು."
585,ವೇದಗಳಲ್ಲಿ ಎಲ್ಲ ಜ್ಞಾನಗಳ ಸಾರ ಇದೆ ಎಂದರು.
586,"ಈಗ ಆಧಾರಿತವಾದ ಸಾರ (ಮಾತ್ರೆಗಳು, troches) ಯಾವುದೇ ಔಷಧೀಯ ರೂಪದಲ್ಲಿ ಅಪ್ಲಿಕೇಶನ್ ಆರಂಭಗೊಂಡು ಎಸ್ಎಆರ್ಎಸ್ ಮೂತ್ರದ ಸೋಂಕು, ಎಸ್ಚರೀಶಿಯ ಕೋಲಿ, ಸ್ಟ್ರೆಪ್ಟೋಕಾಕಸ್ ಕೊನೆಗೊಳ್ಳುತ್ತದೆ ವೈರಸ್ ರೋಗಗಳಿಗೆ ನಿರೋಧಕತೆಯನ್ನು ಹೆಚ್ಚಿಸುತ್ತದೆ ಎಂದು ಕರೆಯಲಾಗುತ್ತದೆ."
587,ಅನಂತಮೂರ್ತಿ ಮಾತಿನ ಸಾರ :
588,ವಿಷಯದ ಸಾರ ಇದು.
589,ಸಿರುಗುಪ್ಪ 16: ಹೊಸಪೇಟೆ ನಗರದಲ್ಲಿ ವಯಸ್ಕರ ಶಿಕ್ಷಣ ಮೂಲ ಸಾರ ಕಾರ್ಯಕ್ರಮ ಪ್ರಗತಿ ಪರಿಶೀಲನೆಯನ್ನು ಲೋಕ ಶಿಕ್ಷಣ ಕೇಂದ್ರಗಳಿಗೆ ಕನರ್ಾಟಕ ಸರ್ಕಾರ ಲೋಕ ಶಿಕ್ಷಣ ನಿದರ್ೆಶನಾಲಯದ ಉಪನಿರ್ದೇಶಕರು ಬೆಂಗಳೂರು ಬೆಂಗಳೂರಿನ ಕೆಎನ್ ವಿಜಯ ಅವರು ಭೇಟಿ ನೀಡಿ ಪರಿಶೀಲಿಸಿದರು.
590,ನೀವು ಲೆಟ್ ಮತ್ತು ನಾನು ಈಗ ಗೋಪ್ಯತೆಯ ಮುಸುಕು ಮೇಲಕ್ಕೆ ಮತ್ತು ಅದರ ಸಾರ ವ್ಯಾಪಿಸಲು.
591,ಮತ್ತೊಂದು ವಿಷಯ ಈ ಪ್ರವೃತ್ತಿಯು ಪ್ರತಿನಿಧಿಗಳು ಪೈಕಿ ಯಾರು ಅದರ ಸಾರ ಅರ್ಥವಾಗುತ್ತಿಲ್ಲ ಅನೇಕ ಎಂಬುದು.
592,ಸಾರ ತುಂಬುವುದು
593,ಔಷಧದ ಭಾಗವಾಗಿ ಹವಳ ಸಾರ ಮತ್ತು ಶೃಂಗದ್ರವ್ಯದ ಮತ್ತು ಸಿಲಿಕಾನ್ ಪರಿಣಾಮಕಾರಿಯಾಗಿ ಉಗುರು ಪ್ಲೇಟ್ ಸಮೀಕರಿಸುವುದು ಆಗಿದೆ.
594,"ಸತು, ಕುಂಬಳಕಾಯಿ ಸಾರ ಮತ್ತು ಸಿಟ್ರಿಮೋನಿಯಂ ಅನ್ನು ಹೊಂದಿರುತ್ತದೆ."
595,ರಚನೆಗೆ ಸಂಬಂಧಿಸಿದ ವಿಶ್ಲೇಷಣೆ ಇದರ ಸಾರ ಆಧುನಿಕ ಸಾಮಾಜಿಕ ಜೀವನದಲ್ಲಿ ಆಚರಿಸಲಾಗುತ್ತದೆ ವಿನ್ಯಾಸಗಳನ್ನು ಮತ್ತು ಪ್ರವೃತ್ತಿಗಳನ್ನು ಅಧ್ಯಯನ ವಿಧಾನಗಳ ಸರ್ವಮೋಕ್ಷವಾದ ನೆಲೆಸಿದೆ.
596,ಕ್ಯಾಲೆಡುಲ ಸಾರ ಉಪಯುಕ್ತ ಗುಣಲಕ್ಷಣಗಳನ್ನು
597,ಹಾಡು ಮುಗಿದ ನಂತರವೂ ಅದರ ಸಾರ ನಮ್ಮ ಸುತ್ತ ಸುಳಿಯುತ್ತಲೇ ಇರುತ್ತದೆ.
598,ವೆನಿಲಾ ಸಾರ - 10 ಮಿಲಿ.
599,ಬೀಜಕೋಶಗಳು ಅದರ ಸಂಯೋಜನೆಯನ್ನು 225 ಮಿಗ್ರಾಂ ಮೂಲ ಉದ್ಧರಣ ಪರಿಮಳಯುಕ್ತ ಮಾರ್ಟಿನ್ ಮತ್ತು 75 ತೊಗಟೆಯ ಸಾರ ನ ಮಿಲಿಗ್ರಾಂ ಹೊಂದಿರಬೇಕು ಬಿಳಿ ವಿಲೋ.
600,ಸಂಪ್ರದಾಯದ ಸಾರ ಇಲ್ಲಿದೆ
601,ಜೀವನದ ಸಾರ ಹಳೆಯ ಹಾಡುಗಳಲ್ಲಿ ಇದೆ.
602,ಅಷ್ಟೇ ಅಲ್ಲದೇ ಒಟ್ಟಾಗುವುದು ಶಂಕರರ ಅದ್ವೈತ ತತ್ವದ ಸಾರ ಎಂದು ರಾಘವೇಶ್ವರ ಶ್ರೀಗಳು ಹೇಳಿದರು.
603,ಈ ಪ್ರೋಗ್ರಾಂ ಸಾರ - ವಿರೋಧ ಬಹುಮತದ ಪಾರ್ಲಿಮೆಂಟರಿ ರಚನೆ.
604,"ಕಪ್ಪು ಬಣ್ಣದ ಲಂಗ – ರವಿಕೆ – ದುಪಟ್ಟಾ, ಉದ್ದ ಲಂಗ, ಲಂಗ ದಾವಣಿ, ಸೀರೆ, ಘಾಗ್ರಾ ಚೋಲಿ, ಗೌನ್‌ಗಳು, ಅನಾರ್ಕಲಿ, ಚೂಡಿದಾರ, ಹೀಗೆ ಬಗೆಬಗೆಯ ಉಡುಪಿನಲ್ಲಿ ಹಿಂದಿ ಚಿತ್ರ ನಟಿಯರಾದ ಶ್ರದ್ಧಾ ಕಪೂರ್‌, ಡಯಾನಾ ಪೆಂಟಿ, ಕಿಯಾರ ಅಡ್ವಾಣಿ, ಕೃತಿ ಸನೋನ್‌, ಆಲಿಯಾ ಭಟ್‌, ಸಾರ ಅಲಿ ಖಾನ್‌, ಕರೀನಾ ಕಪೂರ್‌, ಕತ್ರಿನಾ ಕೈಫ್, ಕಾಜೋಲ…, ವಿಶ್ವ ಸುಂದರಿ ಮಾನುಷಿ ಶಿಲ್ಲರ್‌ ಸೇರಿದಂತೆ ಅನೇಕ ನಟಿಯರು, ಗಾಯಕಿಯರು ಮತ್ತು ಇತರ ಸೆಲೆಬ್ರಿಟಿಗಳು ಕಾಣಿಸಿಕೊಂಡಿರುವುದನ್ನು ಅನೇಕರು ನೋಡಿರಬಹುದು."
605,ಅದರ ಸಾರ ಇಲ್ಲಿದೆ.
606,ಕೀರ್ತನೆಯ ಸಾರ ಪಲ್ಲವಿಯಲ್ಲಿರುವಂತೆ ಸುಳಾದಿಯ ಸಾರ ಜತೆಯಲ್ಲಿರುತ್ತದೆ.
607,"ಅನೇಕ ಜನರಿಗೆ, ಧಾರ್ಮಿಕ ವಿವಾಹ ಪರಿಕಲ್ಪನೆಯನ್ನು ಬೇರೆ ಅರ್ಥವನ್ನು, ಆದರೆ ಅದರ ಸಾರ ಬದಲಾಗದೆ ಉಳಿಯುತ್ತದೆ."
608,"ಪರಿಣಾಮವಾಗಿ, ನಾವು, ನೇರ ಸಾರ ಮತ್ತು ಟೇಸ್ಟಿ ಹಾಟ್ ಪಡೆಯಿರಿ."
609,"ಸ್ತ್ರೀ ಪರಾಕಾಷ್ಠೆ ಸಾರ ತಿಳಿಯಲು ಜನರು, clitoral ವಿಸರ್ಜನೆ ಯಾವುದೇ ಹುಡುಗಿ ಅನುಭವಿಸುತ್ತಾರೆ ತಿಳಿದಿದೆ."
610,"ಆದ್ದರಿಂದ, ನಾವು ಈ ADSL-ತಂತ್ರಜ್ಞಾನ, ಅದರ ಸಾರ ಮತ್ತು ಕಾರ್ಯಾಚರಣೆಯ ತತ್ವ ಕಂಡುಕೊಂಡರು."
611,"ಹಿಂದೆ ವಾಸಿಸುತ್ತಾರೆ ವಲೇರಿಯಾ ಇವನು ಮತ್ತೆ ಮರುಜನ್ಮ, ಇದು ಬದಲಿಸಲು ಇಲ್ಲದೆ, ಅದರ ಸಾರ ತೆಗೆದುಕೊಳ್ಳುತ್ತದೆ."
612,ಯೋಜನೆಯ ಸಾರ ಏನು?
613,"ಬೆಲೆ (ಮಾತ್ರೆಗಳು, ಸಾರ ಮತ್ತು ಪೂರಣಕ್ಕೆ ಪರಿಹಾರ ವಾಸ್ತವವಾಗಿ ಪ್ರತಿ ಔಷಧಾಲಯಗಳ ಖರೀದಿಸಬಹುದು) ಈ ಬಗ್ಗೆ ಅರವತ್ತೈದು ರೂಬಲ್ಸ್ಗಳನ್ನು ಒಂದು ಸರಾಸರಿ ಅರ್ಥ."
614,ಕೆಳಗಿನಂತೆ ಇದರ ಸಾರ ಎನ್ನಲಾಗಿದೆ: ಹಣದುಬ್ಬರ ಹಣದುಬ್ಬರ ಮತ್ತು ಪ್ರತಿಕ್ರಮದಲ್ಲಿ ಪ್ರಸ್ತಾಪವನ್ನು ಬದಲಾಗುತ್ತದೆ ಬೇಡಿಕೆ.
615,"ಲೀಟರ್ ನೀರಿನಲ್ಲಿ ಶುಷ್ಕ ಈಸ್ಟ್ 10 ಗ್ರಾಂ, ಚಿಕನ್ ಗೊಬ್ಬರದಿಂದ ಅರ್ಧ ಲೀಟರ್ ಸಾರ ಮತ್ತು ಮರದ ಬೂದಿ ಮತ್ತು ಸಕ್ಕರೆಯ 5 ಟೇಬಲ್ಸ್ಪೂನ್ ಪರಿಹಾರವನ್ನು ದುರ್ಬಲಗೊಳಿಸುತ್ತದೆ."
616,ಪರಿಣಾಮಕಾರಿ ಶೈಕ್ಷಣಿಕ ಚಟುವಟಿಕೆಗಳಿಗೆ ಎಟಿಎಂ ಸಾರ ಶುದ್ಧೀಕರಣದ ಹಲವಾರು ಬೋಧನ ರಚಿಸಲಾಗಿದೆ.
617,ಎಚ್ಚರಿಕೆ: ಕುರುಚಲು ಕಾಡಿಗೆ ಸಲಗಗಳು ಸೇರುತ್ತಿದ್ದಂತೆ ಅರಣ್ಯ ಇಲಾಖೆ ಜೀಪ್‌ ಮುಖಾಂತರ ಸುತ್ತ ಮುತ್ತಲಿನ ಹಳ್ಳಿಗಳಲ್ಲಿ ಮೈಕ್‌ ಮೂಲಕ ಜಮೀನಿಗೆ ತೆರಳದಂತೆ ಸಾರ ಲಾಯಿತು.
618,ಕೇಂದ್ರ ಗೃಹ ಸಚಿವ ಅಮಿತ್‌ ಶಾ ರಾಜ್ಯಸಭೆಯಲ್ಲಿ ಓದಿದ ಸಂವಿಧಾನದ 370ನೇ ವಿಧಿ ರದ್ದು ಮಾಡುವ ಆದೇಶದ ಸಾರ ಈ ರೀತಿ ಇದೆ: ಜಮ್ಮು ಮತ್ತು ಕಾಶ್ಮೀರ ಸರಕಾರದ ಸಹಮತದೊಂದಿಗೆ ಅದಕ್ಕಾಗಿ ರಚಿತವಾಗಿರುವ ಸಂವಿಧಾನ (ಜಮ್ಮು ಮತ್ತು ಕಾಶ್ಮೀರ)…
619,"ಮುಹ್ಸಿನ್ ಮಾತನಾಡಿ, ಪ್ರಪಂಚದ ಎಲ್ಲ ಧರ್ಮಗಳ ಸಾರ ಒಂದೆಯಾಗಿದೆ."
620,ಈ ಸಂಬಂಧಿಸಿದಂತೆ ಮಾನವ ಹೃದಯದ ಯುದ್ಧದ ವಿಕಾರಗೊಳಿಸುವುದರಿಂದ ಅಥವಾ ಕೇವಲ ನಿಜವಾದ ಸಾರ ತೋರಿಸುತ್ತದೆ ಎಂಬ ಒಂದು ಗಂಭೀರವಾದ ಪ್ರಶ್ನೆ ಇಲ್ಲ.
621,ಹಾಥಾರ್ನ್ ಸಾರ (ಸಂಪೂರ್ಣವಾಗಿ ನರಮಂಡಲವನ್ನು ಶಾಂತಗೊಳಿಸುತ್ತದೆ ಮತ್ತು ಅಪಧಮನಿಯ ಒತ್ತಡವನ್ನು ಕಡಿಮೆ ಮಾಡುತ್ತದೆ);
622,"ನೀವು ಜಿಂಜರ್ ಬ್ರೆಡ್ ನಲ್ಲಿ ಮಿಂಟ್ ಪರಿಮಳವನ್ನು ಹೆಚ್ಚಿಸಲು ಬಯಸಿದರೆ, ಐಸಿಂಗ್ ಚಾಕಲೇಟ್ ಸಾರ ಅಥವಾ ತೈಲ ಕೆಲವು ಹನಿಗಳನ್ನು ಸೇರಿಸಿ."
623,"ಇದರ ಸಾರ ದೇವರ ಸನ್ ಮತ್ತು ದೇವರ ಪವಿತ್ರ ಆತ್ಮದ ತಂದೆ ಮತ್ತು ಅವನನ್ನು ವಿಷಯದ ದೇವರ ಜೀವಿಗಳು ಇದರಲ್ಲಿ ಪವಿತ್ರ ಟ್ರಿನಿಟಿಯ ಅಸಮಾನತೆ ಮತ್ತು ಅಧೀನತೆಯ ಅವತಾರ ಸಮರ್ಥನೆ, ನೆಲೆಸಿದೆ."
624,ಇದರ ಸಾರ ವಾಸ್ತವವಾಗಿ ಇರುತ್ತದೆ ಮಗುವಿನ ಅವರು ಯಾವುದೇ ಶಬ್ದ ಅಥವಾ ಸರಳ ಪದ ಬಳಸುವ ಮಡಕೆ ಅಗತ್ಯವಿದೆ ಎಂದು ವರದಿ.
625,ಇದರ ಸಾರ ಇಡೀ ಹೊಲಿಗೆ ಪ್ರಕ್ರಿಯೆ ಕೇವಲ ತಲೆ ಹೊರ ಭಾಗದಲ್ಲಿ ನಡೆಯುವ ವಾಸ್ತವವಾಗಿ ಇರುತ್ತದೆ.
626,"ಇದರ ಸಾರ ವಾಸ್ತವವಾಗಿ ಮುಂದೆ ಫಲಕ ಮತ್ತು ಮ್ಯಾಟ್ರಿಕ್ಸ್ನ ಟಚ್ ಸ್ಕ್ರೀನ್ ಮೇಲ್ಮೈ ನಡುವೆ ಯಾವುದೇ ವಾಯು ಅಂತರವನ್ನು ನೆಲೆಗೊಂಡಿದೆ, ಮತ್ತು ಈ 180 ಡಿಗ್ರಿ ಹತ್ತಿರ ಕೋನಗಳಲ್ಲಿ ಚಿತ್ರದ ಅಸ್ಪಷ್ಟತೆ ತಡೆಯುತ್ತದೆ."
627,ಅದರ ಸಾರ ಸಂಗ್ರಹವನ್ನು ತಂದೆಯೇ ಇಂಗ್ಲಿಶ್ನಲ್ಲಿ ಪರಿಭಾವಿಸಿ ಕೊಟ್ಟದ್ದೂ ಇಲ್ಲಿದೆ.
628,"28ರಂದು ವಿಶೇಷ ಧ್ಯಾನ ಶಿಬಿರವನ್ನು ಏರ್ಪಡಿಸಿದ್ದು, ಶಿಬಿರದಲ್ಲಿ ಉತ್ತಮ ದೈಹಿಕ ಆರೋಗ್ಯಕ್ಕಾಗಿ ಮಾನಸಿಕ ನೆಮ್ಮದಿಗಾಗಿ ಭಾವನಾತ್ಮಕ ಶಾಂತಿಗಾಗಿಯೇ ರೂಪಿಸಲ್ಪಟ್ಟಿರುವ ಓಶೋರವರ ಸರ್ವ ಸಾರ ಡೈನಾಮಿಕ್, ಕುಂಡಲಿನಿ, ನಾದಬ್ರಹ್ಮ, ವಿಪಾಸನ ಮುಂತಾದ ದ್ಯಾನ ವಿಧಾನಗಳನ್ನು ತಿಳಿಸಲಾಗುವುದು ಹಾಗೂ ಪ್ರತಿದಿನ ಬೆಳಿಗ್ಗೆ 5."
629,ಇದಕ್ಕೆ ಅವರು ರಾಬಿನ್‌ಸನ್ ಮತ್ತು ಸ್ಪೋಟ್ಜನ ಫಾರ್‌ಮಾಲ್ಡಿಹೈಡ ಆವಿಯಾಗಿಸಿ ಸಾಂದ್ರೀಕರಿಸುವ ಮತ್ತು ಕ್ಸೈಲಮ್ ಸಾರ ತೆಗೆಯುವ ವಿಧಾನವನ್ನನುಸರಿಸಿದರು.
630,ಅವರ ಕವಿತೆಯ ಸಾರ ಇಂದಿಗೂ ದೇಶಭಕ್ತರ ಮನದಲ್ಲಿ ಮಿಡಿಯುತ್ತಿದೆ.
631,ಅಸಾಮಾನ್ಯ ಅನುಸರಿಸಲು ಅಂಟಿಕೊಳ್ಳುವ ಪದರದ ಮುಖ್ಯ ಸಾರ ಅದರ ಅಸಾಮಾನ್ಯ ರಚನೆಯಾಗಿದೆ ನೆಲೆಸಿದೆ.
632,ಅದರ ಪರಿಣಾಮಗಳು ಸಾರ - ಅಡ್ರೆನರ್ಜಿಕ್ ಗ್ರಾಹಕಗಳನ್ನು ರಲ್ಲಿ ನರಗಳ ಪ್ರಚೋದನೆಯ ಸಂವಹನ ಹತ್ತಿಕ್ಕುವ ಸಾಮರ್ಥ್ಯವು.
633,ಹೀಗಾಗಿ ಅವುಗಳ ಸಾರ ಅನೇಕ ಸಲ ಸಾರ್ವಜನಿಕವಾಗಿ ಗೊತ್ತಿದ್ದುದೇ ಆಗಿರುತ್ತದೆ.
634,"ಇದು, ಧನ್ಯವಾದಗಳು ಇದು ಇರುವಿಕೆ ಜಾಯಿಕಾಯಿ, ಒಂದು ಅನನ್ಯ ಮತ್ತು ಸೊಗಸಾದ ರುಚಿ ಹೊಂದುವ, ಟೇಸ್ಟಿ ಸಾರ ಮತ್ತು ಪೌಷ್ಟಿಕ ಭಕ್ಷ್ಯ ಇಲ್ಲಿದೆ."
635,"ಈ ಸಂದರ್ಭದಲ್ಲಿ, ಪರಿಹಾರ ಸಾರ ಅರ್ಧದಷ್ಟು ಸುಮಾರು ಕಡಿಮೆಯಾಗುತ್ತದೆ."
636,ಎಸ್‌ ಅವರು ಬರೆದಿರುವ ಪತ್ರದ ಸಾರ ಇದು.
637,"ಬಸವಣ್ಣನವರು ಯಾವುದೇ ಮತ, ಪಂಥಕ್ಕೆ ಸೀಮಿತವಾಗಿಲ್ಲ ಬಡವ-ಬಲ್ಲಿದ ತಾರತಮ್ಯ ನಿವಾರಿಸುವ ಜೀವನದ ಎಲ್ಲ ಸಾರ ವಚನಗಳಲ್ಲಿ ಅಡಗಿದೆ ಎಂದು ಅವರು ಹೇಳಿದರು ನೂರ ಅಲಿ ಅವರು ಮಾತನಾಡಿ ಮೂಡನಂಭಿಕೆ, ಕಂದಾಚಾರ ನಿರ್ಮೂಲನೆ ಮಾಡಲು ಬಸವಣ್ಣನವರು ಶ್ರಮಿಸಿದ್ದಾರೆ ಎಂದರು."
638,ಸಂಶೋಧಕರು ಮಕ್ಕಳನ್ನು 10 ಪ್ರತಿಶತ ಹಾನಿಕಾರಕ ಸಾರ ಅಥವಾ 1 ಪ್ರತಿಶತ ಹಾನಿಕಾರಕ ಸಾರವನ್ನು ಒಳಗೊಂಡಿರುವ ಒಂದು ಕೆನೆಯೊಂದಿಗೆ ಚಿಕಿತ್ಸೆಗಾಗಿ ನಿಯೋಜಿಸಿದ್ದಾರೆ.
639,ಇದು ಬಳಸಲು ಸೂಕ್ತವಲ್ಲ ವಲೇರಿಯನ್ ಸಾರ ಮೊದಲ ತ್ರೈಮಾಸಿಕದಲ್ಲಿ ಗರ್ಭಿಣಿ.
640,"ಅಧ್ಯಯನದ ಪ್ರಕಾರ, ಟೈಪ್ 2 ಡಯಾಬಿಟಿಸ್ನ 79 ವಯಸ್ಕರು ಆಲಿವ್ ಎಲೆಯ ಸಾರ ಅಥವಾ 14 ವಾರಗಳವರೆಗೆ ಪ್ಲೇಸ್ಬೊವನ್ನು ಒಳಗೊಂಡಿರುವ ಪೂರಕವನ್ನು ಪಡೆದರು."
641,"ಹೀಗೆ ಸ್ನೇಹದ ಗಿಡದಲ್ಲಿ ಅರಳಿದ ಪ್ರೀತಿಯ ಹೂವುಗಳು, ಸಂಸಾರದ ಹಾರದಲ್ಲಿ ಒಂದಾಗುವುದರ ಅನುಭವ ಸಾರ ಇಲ್ಲಿದೆ ನೋಡಿ–"
642,ಬಂಟ್ವಾಳ ಸಂಚಾರ ಪೊಲೀಸ್ ಠಾಣೆಯ ಎಸ್ಸೈ ಚಂದ್ರ ಶೇಖರಯ್ಯರನ್ನು ಮೆಲ್ಕಾರ್ ನಾಗರಿಕರ ಪರವಾಗಿ ಸೋಲಿಡಾರಿಟಿ ಯೂತ್ ಮೂವ್‌ಮೆಂಟ್ ಬಂಟ್ವಾಳ ತಾಲೂಕು ಘಟಕದ ವತಿಯಿಂದ ಇತ್ತೀಚೆಗೆ ಮೆಲ್ಕಾರ್ ಸಾರ ಆರ್ಕೇಡ್ ಬಳಿ ನಡೆದ ಕಾರ್ಯಕ್ರಮದಲ್ಲಿ ಸನ್ಮಾನಿಸಲಾಯಿತು.
643,"ಇದರ ಸಾರ ತಮ್ಮ ವೃತ್ತಿಪರ ಚಟುವಟಿಕೆಗಳು ಸಂಬಂಧಪಡದ ತಪ್ಪು ಲೋಡ್ ವಿತರಣೆ ಇರುತ್ತದೆ, ಮತ್ತು ಜೀವನದ ಸಾಮಾನ್ಯ ರೀತಿಯಲ್ಲೂ."
644,ಇದು ಕ್ಯಾಮೊಮೈಲ್ ಸಾರ ಮತ್ತು ಲಿಡೋಕೇಯ್ನ್ ಹೈಡ್ರೋಕ್ಲೋರೈಡ್ ಅನ್ನು ಆಧರಿಸಿದೆ.
645,"ಜೊತೆಗೆ, ವಿಟೆಕ್ಸ್ ಪವಿತ್ರ ವಣ ಸಾರ ಎದೆಹಾಲು ವಜಾಗೊಳಿಸಿದ ಸಮಯದಲ್ಲಿ fairer ಲೈಂಗಿಕ ನೇಮಕ."
646,ಎಲ್ಲ ಧರ್ಮಗಳ ಸಾರ
647,ಇದರ ಸಾರ ಫ್ಯಾಂಟಸಿ ವಿಶ್ವದ ಭಾಗವಹಿಸುವವರು ಕಂಡುಹಿಡಿದಿದ್ದು ರಜಾ ಚಲಿಸುವ ಆಗಿದೆ.
648,"ಅಲ್ಲಿನ ಸೂಫಿ ಸಂತರ ಬದುಕು, ಬರಹ ಮತ್ತವರ ಸಂದೇಶದ ಸಾರ ಹೇಳುವ ನಿಟ್ಟಿನಲ್ಲಿ ಉತ್ತರ ಕರ್ನಾಟಕದಿಂದ ಬಂದ ನಿರ್ದೇಶಕ ಶಿವು ಜಮಖಂಡಿ ಕತೆ ಬರೆದು, ಅದನ್ನು ತೆರೆಗೆ ತರಲು ರೆಡಿ ಆಗಿದ್ದಾರೆ."
649,"ಇದು ರೋಗ ಕಾರಣದ ಮೂತ್ರದ ಸೋಂಕು, antiproliferative ಅಂಶವಾಗಿದೆ, ಆಟೊಇಮ್ಯೂನ್ ಯಾಂತ್ರಿಕ, ಆಮ್ಲಜನಕದ ಕೊರತೆ ಸಂಬಂಧಿಸಿದ ನಂಬಲಾಗಿದೆ ಗಾಳಿಗುಳ್ಳೆಯ ಉರಿಯೂತ ತನ್ನ ವಾಲ್, ಹೊರಪದರ ಅಪಸಾಮಾನ್ಯ ಕ್ರಿಯೆ, ಮಸ್ತ್ ಆರ್ಗನ್ ಲೋಳೆಪೊರೆಯಲ್ಲಿ ಸೆಲ್ ಸಾರ ಹೆಚ್ಚಾದಂತೆ."
650,ಎಲ್ಲಾ ಧರ್ಮಗಳ ಸಾರ ಒಂದೇ ಅಗಿದ್ದು ಹಿಂದೂ ಧರ್ಮವೂ ಐಕ್ಯತೆಯಿಂದ ಪ್ರೀತಿ ವಾತ್ಸಲ್ಯವನ್ನು ಸಾರಿದರೆ ಕ್ರಿಶ್ಚಿಯನ್ ಧರ್ಮವೂ ಪ್ರೀತಿಯನ್ನು ಬೋದಿಸುತ್ತದೆ.
651,ಈ ಹಣ್ಣುಗಳು ಪಕ್ವವಾಗಿ ಕೊಳೆಯುವ ಸ್ಥಿತಿ ಬಂದಾಗ ಅದರಲ್ಲಿರುವ ಮದ್ಯದ ಸಾರ ವೃದ್ಧಿಯಾ ಗುತ್ತ ಹೋಗುತ್ತದೆ.
652,"ಗಾರ್ಸೀನಿಯ ಕಾಂಬೋಡಿಯನ್ , ಹಸಿರು ಕಾಫಿ ಸಾರ ಜೊತೆಗೆ ಚೂಪಾದ ಹಸಿವು ವೈಫಲ್ಯದ ನೋವಿಗೆ ತೆಗೆದುಕೊಳ್ಳುತ್ತದೆ."
653,ಮಾಕಿ ಬ್ರಿಟ್ ™ ಪ್ರಮಾಣಿತ ಮಾಕ್ವಿ ಬೆರ್ರಿ ಸಾರ ಗಣನೀಯವಾಗಿ ಕಣ್ಣೀರಿನ ದ್ರವದ ಉತ್ಪಾದನೆಯನ್ನು ಹೆಚ್ಚಿಸುತ್ತದೆ ಮತ್ತು ಪ್ರಾಯೋಗಿಕ ಪ್ರಾಯೋಗಿಕ ಪರೀಕ್ಷೆಯಲ್ಲಿ ಒಣ ಕಣ್ಣಿನ ಸಂಬಂಧಿತ ರೋಗಲಕ್ಷಣಗಳನ್ನು ಸುಧಾರಿಸುತ್ತದೆ.
654,ಕರ್ನಾಟಕ ಸರ್ಕಾರ; ಚಿಗುರಿದ ಸಂಸ್ಕೃತಿಯ ಸಾರ
655,ಹೆಚ್ಚು ಹಳೆ ಬೆಳ್ಳುಳ್ಳಿ ಸಾರ ಮತ್ತು ವ್ಯಾಯಾಮದಿಂದ ತೂಕ ಕಳೆದುಕೊಳ್ಳಲು ಸಾಧ್ಯವಾಗಲಿದೆ.
656,"ಮೊಮ್ಮಗ್ನೇ, ಅರ್ಸಗೊಳ ಹುಡ್ಗ್ಯರು ವಂದ ಸಾರ ಬಂದ ಹೋಗು ಅಂದರೆ; ನಿಮ್ ಕೈಲಿ ಮಾತಾಡಬೇಕೆಂತ ಅಂತು."
657,ನೀವು ಗಿಡಮೂಲಿಕೆಗಳ ಸಾರ ಅದ್ದಿ ಹತ್ತಿ ದಿನದಲ್ಲಿ ಮುಖದ ಅಳಿಸಿಹಾಕಬಹುದು.
658,ಆದರೆ ಈ ಗಿಡದ ಸಾರ ತಯಾರು ಮಾಡಬಹುದು.
659,"ಮುಂದೆ, ನೀವು ನಿಂಬೆ ರಸ ಮತ್ತು ವೆನಿಲ್ಲಾ ಸಾರ ಹಣ್ಣಿನ ರುಚಿ ಅಗತ್ಯವಿದೆ."
660,ಸ್ವೆಟಾಲ್ ಗ್ರೀನ್ ಕಾಫಿ ಬೀನ್ ಸಾರ ನೈಸರ್ಗಿಕವಾಗಿ ಕೊಬ್ಬನ್ನು ಸುಡುತ್ತದೆ.
661,ತಮ್ಮ ಹಿಡುವಳಿ ಭೂಮಿಯ ಮಣ್ಣಿನ ಸಾರ ಮತು ಪೋಷಕಾಂಶ ಸ್ಥಿತಿಗತಿ ತಿಳಿಯಲು ರೈತರಿಗೆ ನೆರವಾಗುವ ಉದ್ದೇಶದಿಂದ ಮಣ್ಣಿ ಆರೋಗ್ಯ ಚೀಟಿಗಳನ್ನು ನಾವು ನೀಡಿದೆವು.
662,"ಈ ತಿಂಗಳಲ್ಲಿ ಪ್ರತಿನಿತ್ಯ ಪ್ರಾರ್ಥನೆ, ದಾನ, ಧರ್ಮದೊಂದಿಗೆ ಪರಿಚಯ ಅಥವಾ ಅಪರಿಚಯ ಅನ್ನದೇ ಈದ್ ಮುಬಾರಕ್ ಎಂದು ಪರಸ್ಪರ ಹಸ್ತಲಾಘನ ಮಾಡುವ ಮೂಲಕ ನಮ್ಮಿಬ್ಬರನ್ನು ದೇವರು ಕ್ಷಮಿಸಲಿ ಪ್ರಾರ್ಥಿಸಿ ಅಲಂಗಿಸಿಕೊಳ್ಳುವುದೇ ಈ ಹಬ್ಬದ ವಿಶೇಷ ಅನ್ನುತ್ತಾ ಎಲ್ಲ ಧರ್ಮಗಳ ಸಾರ ಒಂದೇ ಆಗಿದೆ."
663,"ಆದಾಗ್ಯೂ, ಅಧ್ಯಯನದ ಮಿತಿಗಳನ್ನು ಕೊಟ್ಟಿರುವ, ವರದಿಯ ಲೇಖಕರು ಪಲ್ಲೆಹೂವು ಎಲೆಯ ಸಾರ ಕೊಲೆಸ್ಟರಾಲ್-ಕಡಿಮೆಗೊಳಿಸುವ ಪರಿಣಾಮಗಳ ಸಾಕ್ಷ್ಯವು ಇನ್ನೂ, ಮನಸ್ಸಿಲ್ಲವೆಂದು ತೀರ್ಮಾನಿಸಿದೆ."
664,ನಾಗರಾಜು ಕಾವ್ಯಗಳ ಮೂಲಕ ಜಗತ್ತಿಗೆ ಬದುಕಿನ ಸಾರ ತಿಳಿಸಿದ ಮಹರ್ಷಿ ವಾಲ್ಮೀಕಿ ಮಹಾ ಮಾನವತಾವಾದಿ ಎನಿಸಿದ್ದರು.
665,"ನ್ಯಾಶನಲ್ ಕಾನ್ಫರೆನ್ಸ್ ಪ್ರಧಾನ ಕಾರ್ಯದರ್ಶಿ ಅಲಿ ಮುಹಮ್ಮದ್ ಸಾಗರ್, ಪಿಡಿಪಿ ನಾಯಕರಾದ ಸಾರ ಮದನಿ, ನಈಂ ಅಕ್ತರ್‍ವಿ ವಿರುದ್ಧವೂ ಕೇಸು ದಾಖಲಿಸಲಾಗಿದೆ."
666,"ನಿಖರವಾಗಿ ಅದರ ಸಾರ ಅನುರೂಪವಾಗಿರುವ ಬೆಂಕಿ ಗೋಡೆ, - ಪ್ರೊಗ್ರಾಂ ಹೆಸರು ಜರ್ಮನ್ ನಿಂದ ಅನುವಾದಿಸಲಾಗಿದೆ."
667,"ವೈನ್ ಪ್ರಾಚೀನ ಗ್ರೀಸ್, ಅಧ್ಯಯನಗಳ ಪ್ರಕಾರ ಆಲ್ಕೋಹಾಲ್ಗಳು, ಸಕ್ಕರೆ ವಿಷಯದ ಸಾರ ವಿಷಯದ ಉನ್ನತ ವಿಷಯವನ್ನು ಹೊಂದಿದೆ."
668,ಸ್ಥಾವರದ ಅಧ್ಯಯನ ನಾಳೀಯ ಸಾರ ಆಧರಿಸಿ ಸೂತ್ರೀಕರಣ ಬಳಸಿ ಫಂಡಸ್ನಲ್ಲಿರುವ.
669,ಅಕ್ಕ ಬಳಗದ ಅಭಿಪ್ರಾಯ ಸಾರ ಹೀಗಿದೆ.
670,"ಏಕೆಂದರೆ ರೇಡಿಯೋ, ದೂರದರ್ಶನ, ಕ್ಯಾಸೆಟ್, ಸಿಡಿಗಳ ಮೂಲಕ ಎಲ್ಲ ಶೈಲಿಗಳ ಗಾಯನವನ್ನು ಆಲಿಸಬಹುದಾದ ಇಂದಿನ ಯುವ ಪ್ರತಿಭೆಗಳು ಎಲ್ಲ ಪದ್ಧತಿಗಳ ಸಾರ ಸಂಗ್ರಹಿಸಿ ತಮ್ಮದೇ ಆದ ಗಾಯನ ಶೈಲಿಯನ್ನು ರೂಢಿಸಿಕೊಳ್ಳಲು ಸಾಧ್ಯವಿಲ್ಲ."
671,ಹೈಪರ್ಲಿಪಿಡೆಮಿಯ ರೋಗಿಗಳಲ್ಲಿ ಸಾಲ್ವಿಯಾ ಅಫಿಷಿನಾಲಿಸ್ ಎಲೆಯ ಸಾರ ಆಂಟಿಹೈಪರ್ಲಿಪಿಡೆಮಿಕ್ ಪರಿಣಾಮಗಳು: ಯಾದೃಚ್ಛಿಕ ಡಬಲ್-ಬ್ಲೈಂಡ್ ಪ್ಲೇಸ್ಬೊ-ನಿಯಂತ್ರಿತ ಕ್ಲಿನಿಕಲ್ ಟ್ರಯಲ್.
672,"ಅಜ್ಜಿ ಶಂಕರಿ ಮೂಟೇರಿ ಅವರ ನೆರಳಿನಲ್ಲಿ ಮಾತೃಭಾಷೆ ಕನ್ನಡ ಕಲಿತು, ಕನ್ನಡ ಸಾರ ಸ್ವತ ಲೋಕಕ್ಕೆ ಪ್ರವೇಶ ಪಡೆದಿರುವುದು ಸಂತಸದ ವಿಷಯ ಎಂದರು."
